0.05,0.05,0.05,-0.025,-0.025,0.045,6.12323e-17,1.0,-6.12323e-17,3.7494e-33,0.13898239538,0.00100094497145,0.0636363470453,0.491658639984,-0.507631216982,-0.492231039327,0.508223310364,nan,nan,nan,nan,nan,nan,nan,nan,nan,nan,nan,nan,nan,nan,nan,nan,nan,nan,nan,nan,nan,nan,nan,nan,nan,nan,nan,nan,nan,nan,nan,nan,nan,nan,nan,nan,nan,nan,nan,nan,nan,nan,nan,nan,nan,nan,nan,nan,nan,nan,nan,nan,nan,nan,nan,nan,nan,nan,nan,nan,nan,nan,nan,nan,nan,nan,nan,nan,nan,nan,nan,nan,nan,nan,nan,nan,nan,nan,nan,nan,nan,nan,nan,nan,nan,nan,nan,nan,nan,nan,nan,nan,nan,nan,nan,nan,nan,nan,nan,nan,nan,nan,nan,nan,nan,nan,nan,nan,nan,nan,nan,nan,nan,nan,nan,nan,nan,nan,nan,nan,nan,nan,nan,nan,nan,nan,nan,nan,nan,nan,nan,nan,nan,nan,nan,nan,nan,nan,nan,nan,nan,nan,nan,nan,nan,nan,nan,nan,nan,nan,nan,nan,nan,nan,nan,nan,nan,nan,nan,nan,nan,nan,nan,nan,nan,nan,nan,nan,nan,nan,nan,nan,nan,nan,nan,nan,nan,nan,nan,nan,nan,nan,nan,nan,nan,nan,nan,nan,nan,nan,nan,nan,nan,nan,nan,nan,nan,nan,nan,nan,nan,nan,nan,nan,nan,nan,nan,nan,nan,nan,nan,nan,nan
0.05,0.05,0.05,-0.025,-0.025,0.045,0.58778508449,0.809017116291,-4.95380071207e-17,3.59915051735e-17,0.0767215430613,0.0199311198468,0.131943133652,-0.460319535306,-0.692932083074,-0.337448844667,0.440544357467,0.0730242932366,0.000248352389907,0.207168139221,0.383746486595,0.318832116672,0.476607576472,0.51888661533,0.266571182694,0.666131883586,0.66885767848,0.266871937202,0.668249465235,0.666579399327,0.666162890214,0.0165990764871,0.670912257978,0.692049992261,0.672064541994,0.684064728298,0.00411591886259,0.668148590142,0.133276300844,0.674274188397,0.670461787675,0.672953275554,0.669877811526,0.666754822276,0.667856102553,1.56982741708,0.0258028912865,0.354184795919,0.599943097572,0.540019838287,nan,nan,nan,nan,nan,nan,nan,nan,nan,nan,nan,nan,nan,nan,nan,nan,nan,nan,nan,nan,nan,nan,nan,nan,nan,nan,nan,nan,nan,nan,nan,nan,nan,nan,nan,nan,nan,nan,nan,nan,nan,nan,nan,nan,nan,nan,nan,nan,nan,nan,nan,nan,nan,nan,nan,nan,nan,-0.0250111183393,-0.0173086544316,0.00942039762515,nan,nan,nan,nan,nan,nan,nan,nan,nan,nan,nan,nan,nan,nan,nan,nan,nan,nan,nan,nan,nan,nan,nan,nan,nan,nan,nan,nan,nan,nan,nan,nan,nan,nan,nan,nan,nan,nan,nan,nan,nan,nan,nan,nan,nan,nan,nan,nan,nan,nan,nan,nan,nan,nan,nan,nan,nan,nan,nan,nan,nan,nan,nan,nan,nan,nan,nan,nan,nan,nan,nan,nan,nan,nan,nan,nan,nan,nan,nan,nan,nan,nan,nan,nan,nan,nan,nan,nan,nan,nan,nan,nan,nan,nan,nan,nan,nan,nan,nan,nan,nan,nan,nan,nan,nan,nan,nan,nan,nan,nan,nan,nan,nan,nan,-0.779253346735,0.530215814469,0.27254086326,0.0,0.0,0.0
0.05,0.05,0.05,-0.025,-0.015,0.045,6.12323e-17,1.0,-6.12323e-17,3.7494e-33,0.139013482617,0.00222486322145,0.063970938424,0.530834272746,-0.466483702935,-0.531287114857,0.467270725984,nan,nan,nan,nan,nan,nan,nan,nan,nan,nan,nan,nan,nan,nan,nan,nan,nan,nan,nan,nan,nan,nan,nan,nan,nan,nan,nan,nan,nan,nan,nan,nan,nan,nan,nan,nan,nan,nan,nan,nan,nan,nan,nan,nan,nan,nan,nan,nan,nan,nan,nan,nan,nan,nan,nan,nan,nan,nan,nan,nan,nan,nan,nan,nan,nan,nan,nan,nan,nan,nan,nan,nan,nan,nan,nan,nan,nan,nan,nan,nan,nan,nan,nan,nan,nan,nan,nan,nan,nan,nan,nan,nan,nan,nan,nan,nan,nan,nan,nan,nan,nan,nan,nan,nan,nan,nan,nan,nan,nan,nan,nan,nan,nan,nan,nan,nan,nan,nan,nan,nan,nan,nan,nan,nan,nan,nan,nan,nan,nan,nan,nan,nan,nan,nan,nan,nan,nan,nan,nan,nan,nan,nan,nan,nan,nan,nan,nan,nan,nan,nan,nan,nan,nan,nan,nan,nan,nan,nan,nan,nan,nan,nan,nan,nan,nan,nan,nan,nan,nan,nan,nan,nan,nan,nan,nan,nan,nan,nan,nan,nan,nan,nan,nan,nan,nan,nan,nan,nan,nan,nan,nan,nan,nan,nan,nan,nan,nan,nan,nan,nan,nan,nan,nan,nan,nan,nan,nan,nan,nan,nan,nan,nan,nan
0.05,0.05,0.05,-0.025,-0.015,0.045,0.58778508449,0.809017116291,-4.95380071207e-17,3.59915051735e-17,0.0515968607532,0.0214941794405,0.118773070937,0.0538157847426,-0.822353642898,-0.021365369253,0.566022851413,0.313145899205,0.054267628786,0.212717101888,0.403810200149,0.342560373806,0.506857451259,0.584182995758,0.288727708675,0.717305520252,0.726056474082,0.287688911278,0.726261399393,0.71694159098,0.722581341604,0.158931374146,0.454604718405,0.0692371607151,0.525849057484,0.310462457424,5.13652197851e-05,0.601964577531,0.146212669056,0.447325953557,0.728300745372,0.575713598518,0.725443943601,0.71707271621,0.723199423496,1.438062166,-7.23589188567e-10,2.84858897119e-05,0.499609663288,0.388910112174,nan,nan,nan,nan,nan,nan,nan,nan,nan,nan,nan,nan,0.0250004049145,-0.00204417386344,-0.00214731045388,nan,nan,nan,nan,nan,nan,nan,nan,nan,nan,nan,nan,nan,nan,nan,nan,nan,nan,nan,nan,nan,0.0249892106302,-0.0192838194703,-0.0142159871417,nan,nan,nan,nan,nan,nan,nan,nan,nan,nan,nan,nan,nan,nan,nan,nan,nan,nan,-0.0249767652238,0.00208888828643,-0.00952001796745,nan,nan,nan,nan,nan,nan,nan,nan,nan,nan,nan,nan,nan,nan,nan,nan,nan,nan,nan,nan,nan,nan,nan,nan,20.0092838086,-6.62598042533,0.158411614188,0.0,0.0,0.0,nan,nan,nan,nan,nan,nan,nan,nan,nan,nan,nan,nan,nan,nan,nan,nan,nan,nan,nan,nan,nan,nan,nan,nan,nan,nan,nan,nan,nan,nan,nan,nan,nan,nan,nan,nan,nan,nan,nan,nan,nan,nan,9.33071357181,3.99560410178,-3.32422424616,-4.93835751068e-17,1.87917401449e-16,8.72563112701e-17,nan,nan,nan,nan,nan,nan,nan,nan,nan,nan,nan,nan,nan,nan,nan,nan,nan,nan,nan,nan,nan,nan,nan,nan,nan,nan,nan,nan,nan,nan,nan,nan,nan,nan,nan,nan,-30.1085454558,0.0229654816876,-0.00587782031366,1.81880949368e-20,-2.82638469575e-17,-2.03597571722e-16
0.05,0.05,0.05,-0.025,-0.005,0.045,0.58778508449,0.809017116291,-4.95380071207e-17,3.59915051735e-17,0.0522218959818,0.0239690387142,0.116208814727,0.150439839127,-0.80952176506,-0.193724053331,0.533397935747,0.245340400181,0.00109379326465,0.244418325155,0.427345214496,0.335447614142,0.518401182106,0.574721521106,0.297198434992,0.746352729858,0.749315680032,0.299548109025,0.74779789457,0.746089149285,0.746666632277,0.237720440819,0.471238982867,0.0826794800482,0.557584080886,0.355258597552,0.072708554116,0.622947126008,0.149708534345,0.448714556479,0.759537553911,0.611481118587,0.777003095829,0.747420077408,0.750791901628,1.15944897247,-6.0684257619e-10,-2.20464535516e-10,0.426601124096,0.295915433826,nan,nan,nan,nan,nan,nan,nan,nan,nan,nan,nan,nan,0.0250057163208,0.016307744683,-0.00618051140149,nan,nan,nan,nan,nan,nan,nan,nan,nan,nan,nan,nan,nan,nan,nan,nan,nan,nan,nan,nan,nan,0.0249964293697,-0.0035092907303,-0.0189899859109,nan,nan,nan,nan,nan,nan,0.0247933132715,-0.023487207661,0.0135044212419,0.0227386135974,-0.0249887264974,0.0138655547637,nan,nan,nan,nan,nan,nan,-0.0249941074198,0.0109330704846,-0.00681413445132,nan,nan,nan,nan,nan,nan,nan,nan,nan,nan,nan,nan,nan,nan,nan,nan,nan,nan,nan,nan,nan,nan,nan,nan,16.4618252467,9.25469008662,-10.0412052739,1.98401276426e-16,-4.23442618202e-16,-6.50104287145e-17,nan,nan,nan,nan,nan,nan,nan,nan,nan,nan,nan,nan,nan,nan,nan,nan,nan,nan,nan,nan,nan,nan,nan,nan,nan,nan,nan,nan,nan,nan,nan,nan,nan,nan,nan,nan,nan,nan,nan,nan,nan,nan,7.0695537259,-2.60920331047,2.82461224719,-1.39751965585e-17,-3.05818878812e-17,6.7280172061e-18,nan,nan,nan,nan,nan,nan,nan,nan,nan,nan,nan,nan,6.07993960126,-0.436751316748,1.32537845278,7.40584635915e-18,1.93519689574e-16,2.97974367969e-17,1.17740760614,-12.1263761503,-0.000551470306259,-8.41618830819e-18,-8.16257383002e-19,-2.00193317741e-17,nan,nan,nan,nan,nan,nan,nan,nan,nan,nan,nan,nan,-31.5751237269,6.23757189942,0.523703499689,2.02592593323e-17,1.04530241764e-16,-2.35367505459e-17
0.05,0.05,0.05,-0.025,-0.005,0.045,0.951056560832,0.309016857306,1.89218296602e-17,5.82353731087e-17,0.0465447551026,0.040470805905,0.124588090572,-0.377445645037,-0.567849124294,0.166215954172,0.712358346382,0.415076620537,0.116527719149,0.221833093574,0.418040849551,0.292637865234,0.506585867267,0.560913369986,0.302262106131,0.763622360689,0.762319976864,0.306587399462,0.760582058795,0.763585154119,0.758054984986,0.222954584543,0.497429149701,0.118150661564,0.573729523671,0.374727453397,0.178153965795,0.648695167909,0.151156455961,0.48049049882,0.769240056048,0.618035179995,0.767640442484,0.765017691185,0.760069533616,0.90074077686,-8.16440248741e-10,-2.93076674041e-10,0.448100756096,0.26820712964,nan,nan,nan,nan,nan,nan,nan,nan,nan,nan,nan,nan,-0.000651456683694,-0.0249944809212,-0.0040695606618,nan,nan,nan,nan,nan,nan,nan,nan,nan,nan,nan,nan,nan,nan,nan,nan,nan,nan,nan,nan,nan,-0.0112839566621,-0.0249887447856,-0.0202771834645,nan,nan,nan,nan,nan,nan,nan,nan,nan,nan,nan,nan,nan,nan,nan,nan,nan,nan,0.00492616056138,0.0250049217672,-0.00981839190336,nan,nan,nan,nan,nan,nan,nan,nan,nan,nan,nan,nan,nan,nan,nan,nan,nan,nan,nan,nan,nan,nan,nan,nan,-1.6619529759,-4.51591658136,-3.23069676426,-1.38211972873e-16,6.13178482814e-17,-1.46112407353e-17,nan,nan,nan,nan,nan,nan,nan,nan,nan,nan,nan,nan,nan,nan,nan,nan,nan,nan,nan,nan,nan,nan,nan,nan,nan,nan,nan,nan,nan,nan,nan,nan,nan,nan,nan,nan,nan,nan,nan,nan,nan,nan,-5.32779422429,-12.7180519854,0.953909006384,4.3522153476e-17,-9.63261625258e-18,1.1465345534e-16,nan,nan,nan,nan,nan,nan,nan,nan,nan,nan,nan,nan,nan,nan,nan,nan,nan,nan,nan,nan,nan,nan,nan,nan,nan,nan,nan,nan,nan,nan,nan,nan,nan,nan,nan,nan,9.48738505297,19.3126397061,-1.66627935216,-4.46490101292e-18,5.04447800931e-18,3.30448499495e-17
0.05,0.05,0.05,-0.025,0.005,0.045,0.58778508449,0.809017116291,-4.95380071207e-17,3.59915051735e-17,0.0763232585731,0.0358919970556,0.134954386163,-0.656465482865,0.0539893940759,-0.740143896204,0.135370706014,0.123728854904,0.144738212587,0.66998984687,0.695804799243,0.684686169184,0.696154713718,0.703715825465,0.281203007279,0.69607272641,0.708234138937,0.279263126368,0.70739620904,0.696240952564,0.70527818868,0.190426705513,0.448645767343,0.0574011481817,0.497146459255,0.269190133357,-3.37188943433e-10,0.540128561217,0.13974400958,0.454865973994,0.655277669365,0.55895085899,0.671267673207,0.696930113701,0.694442958632,1.41990184526,-6.4486371798e-10,0.167029396332,0.571742448365,0.510595242981,nan,nan,nan,nan,nan,nan,nan,nan,nan,nan,nan,nan,nan,nan,nan,nan,nan,nan,nan,nan,nan,nan,nan,nan,nan,nan,nan,nan,nan,nan,nan,nan,nan,nan,nan,nan,0.024989991107,0.0225840885443,-0.0225787005655,nan,nan,nan,nan,nan,nan,nan,nan,nan,nan,nan,nan,nan,nan,nan,nan,nan,nan,-0.024986712098,0.0227286492447,-0.01248057397,nan,nan,nan,nan,nan,nan,nan,nan,nan,nan,nan,nan,nan,nan,nan,nan,nan,nan,nan,nan,nan,nan,nan,nan,nan,nan,nan,nan,nan,nan,nan,nan,nan,nan,nan,nan,nan,nan,nan,nan,nan,nan,nan,nan,nan,nan,nan,nan,nan,nan,nan,nan,nan,nan,nan,nan,nan,nan,nan,nan,nan,nan,nan,nan,nan,nan,nan,nan,nan,nan,nan,nan,11.7687544694,-0.695494217282,0.82724659254,2.20149295716e-17,3.24523568885e-16,-4.03556032249e-17,nan,nan,nan,nan,nan,nan,nan,nan,nan,nan,nan,nan,nan,nan,nan,nan,nan,nan,nan,nan,nan,nan,nan,nan,nan,nan,nan,nan,nan,nan,nan,nan,nan,nan,nan,nan,-12.3278094027,0.863388404691,3.96442948675,-9.38166570284e-18,-3.26312179532e-16,4.18922233343e-17
0.05,0.05,0.05,-0.025,0.005,0.045,0.951056560832,0.309016857306,1.89218296602e-17,5.82353731087e-17,0.0473046309941,0.0389656865932,0.124659112537,-0.400964098525,-0.573203768401,0.179217776204,0.691770352268,0.410599274656,0.109680701308,0.214814041623,0.404792053797,0.299509420856,0.504224663098,0.54567464358,0.301766229312,0.76085411962,0.762025176564,0.306053509079,0.760000054218,0.760499440962,0.758190945559,0.23452158796,0.48865007684,0.102850631747,0.567001797997,0.36650535338,0.159945805517,0.648768562619,0.150881872224,0.472586691436,0.779170708071,0.612899746084,0.773136891704,0.762535679694,0.760328873048,0.941884478076,-1.50195766935e-09,-5.84564840977e-09,0.459342687911,0.289509573898,nan,nan,nan,nan,nan,nan,nan,nan,nan,nan,nan,nan,-0.000733180973669,-0.0249946427096,-0.00381720023345,nan,nan,nan,nan,nan,nan,nan,nan,nan,nan,nan,nan,nan,nan,nan,nan,nan,nan,nan,nan,nan,-0.0112712373495,-0.0249591332566,-0.0203657849383,nan,nan,nan,nan,nan,nan,nan,nan,nan,nan,nan,nan,-0.0236213384227,0.0246643319173,0.0230511495617,nan,nan,nan,0.00487772931408,0.0250024781095,-0.00925481286329,nan,nan,nan,nan,nan,nan,nan,nan,nan,nan,nan,nan,nan,nan,nan,nan,nan,nan,nan,nan,nan,nan,nan,nan,2.01978588206,-2.74472646289,-2.32457724217,8.50251786452e-17,3.45387760444e-17,3.30955502132e-17,nan,nan,nan,nan,nan,nan,nan,nan,nan,nan,nan,nan,nan,nan,nan,nan,nan,nan,nan,nan,nan,nan,nan,nan,nan,nan,nan,nan,nan,nan,nan,nan,nan,nan,nan,nan,nan,nan,nan,nan,nan,nan,-12.1542026884,-38.5746241818,-9.55674393798,8.47300083752e-16,-3.11938353216e-16,1.81510334334e-16,nan,nan,nan,nan,nan,nan,nan,nan,nan,nan,nan,nan,nan,nan,nan,nan,nan,nan,nan,nan,nan,nan,nan,nan,-0.870374110283,1.64795094154,0.405340790243,0.0,0.0,0.0,nan,nan,nan,nan,nan,nan,12.2399528583,40.7115174732,6.74490500134,1.09562962922e-15,-3.71019668856e-16,2.51199789984e-16
0.05,0.05,0.05,-0.025,0.015,0.045,0.58778508449,0.809017116291,-4.95380071207e-17,3.59915051735e-17,0.138379735189,0.0040157079367,0.0747621770806,0.26144897735,-0.664667235183,-0.269697848814,0.645852126312,nan,nan,nan,nan,nan,nan,nan,nan,nan,nan,nan,nan,nan,nan,nan,nan,nan,nan,nan,nan,nan,nan,nan,nan,nan,nan,nan,nan,nan,nan,nan,nan,nan,nan,nan,nan,nan,nan,nan,nan,nan,nan,nan,nan,nan,nan,nan,nan,nan,nan,nan,nan,nan,nan,nan,nan,nan,nan,nan,nan,nan,nan,nan,nan,nan,nan,nan,nan,nan,nan,nan,nan,nan,nan,nan,nan,nan,nan,nan,nan,nan,nan,nan,nan,nan,nan,nan,nan,nan,nan,nan,nan,nan,nan,nan,nan,nan,nan,nan,nan,nan,nan,nan,nan,nan,nan,nan,nan,nan,nan,nan,nan,nan,nan,nan,nan,nan,nan,nan,nan,nan,nan,nan,nan,nan,nan,nan,nan,nan,nan,nan,nan,nan,nan,nan,nan,nan,nan,nan,nan,nan,nan,nan,nan,nan,nan,nan,nan,nan,nan,nan,nan,nan,nan,nan,nan,nan,nan,nan,nan,nan,nan,nan,nan,nan,nan,nan,nan,nan,nan,nan,nan,nan,nan,nan,nan,nan,nan,nan,nan,nan,nan,nan,nan,nan,nan,nan,nan,nan,nan,nan,nan,nan,nan,nan,nan,nan,nan,nan,nan,nan,nan,nan,nan,nan,nan,nan,nan,nan,nan,nan,nan,nan
0.05,0.05,0.05,-0.025,0.015,0.045,0.951056560832,0.309016857306,1.89218296602e-17,5.82353731087e-17,0.0509499318174,0.0223555489445,0.117892424096,-0.547480284061,-0.599269881085,0.427535071138,0.397938074498,0.239534690943,0.00739537706809,0.240098667949,0.43219398657,0.376837295543,0.504596259247,0.58860069389,0.286034327066,0.710058507274,0.719043547981,0.284396204188,0.718528704295,0.710341789274,0.716048291591,0.145082304926,0.45264013522,0.071914015338,0.522649321239,0.310588157246,-5.99893468234e-11,0.590534955674,0.143243524185,0.443558315225,0.715972626127,0.569840886255,0.716946931229,0.710542153135,0.716836926005,1.52236434012,-4.92374141459e-10,0.000902813438104,0.507584457253,0.400033989215,nan,nan,nan,nan,nan,nan,nan,nan,nan,nan,nan,nan,nan,nan,nan,nan,nan,nan,nan,nan,nan,nan,nan,nan,nan,nan,nan,nan,nan,nan,nan,nan,nan,nan,nan,nan,-0.0226717160072,-0.024990599669,-0.012096454227,nan,nan,nan,nan,nan,nan,nan,nan,nan,-0.0249673138749,0.000491474676669,0.0229155776334,nan,nan,nan,nan,nan,nan,-0.00235856577089,0.0249640549264,-0.0106504507719,nan,nan,nan,nan,nan,nan,nan,nan,nan,nan,nan,nan,nan,nan,nan,nan,nan,nan,nan,nan,nan,nan,nan,nan,nan,nan,nan,nan,nan,nan,nan,nan,nan,nan,nan,nan,nan,nan,nan,nan,nan,nan,nan,nan,nan,nan,nan,nan,nan,nan,nan,nan,nan,nan,nan,nan,nan,nan,nan,nan,nan,nan,nan,nan,nan,nan,nan,nan,nan,nan,nan,nan,-1.32905503754,-14.2556205967,-3.82306016649,8.87116332278e-16,-9.32961234808e-17,2.7357152086e-17,nan,nan,nan,nan,nan,nan,nan,nan,nan,nan,nan,nan,nan,nan,nan,nan,nan,nan,0.0,0.0,0.0,0.0,0.0,0.0,nan,nan,nan,nan,nan,nan,nan,nan,nan,nan,nan,nan,0.0102331258216,16.2309620023,-0.00468376138345,-5.19565988069e-17,2.51663530783e-20,-2.63045621282e-17
0.05,0.05,0.05,-0.025,0.025,0.045,0.58778508449,0.809017116291,-4.95380071207e-17,3.59915051735e-17,0.139328913123,0.00497740267735,0.0743086333813,0.279232487391,-0.670100676154,-0.256768885145,0.638015706253,nan,nan,nan,nan,nan,nan,nan,nan,nan,nan,nan,nan,nan,nan,nan,nan,nan,nan,nan,nan,nan,nan,nan,nan,nan,nan,nan,nan,nan,nan,nan,nan,nan,nan,nan,nan,nan,nan,nan,nan,nan,nan,nan,nan,nan,nan,nan,nan,nan,nan,nan,nan,nan,nan,nan,nan,nan,nan,nan,nan,nan,nan,nan,nan,nan,nan,nan,nan,nan,nan,nan,nan,nan,nan,nan,nan,nan,nan,nan,nan,nan,nan,nan,nan,nan,nan,nan,nan,nan,nan,nan,nan,nan,nan,nan,nan,nan,nan,nan,nan,nan,nan,nan,nan,nan,nan,nan,nan,nan,nan,nan,nan,nan,nan,nan,nan,nan,nan,nan,nan,nan,nan,nan,nan,nan,nan,nan,nan,nan,nan,nan,nan,nan,nan,nan,nan,nan,nan,nan,nan,nan,nan,nan,nan,nan,nan,nan,nan,nan,nan,nan,nan,nan,nan,nan,nan,nan,nan,nan,nan,nan,nan,nan,nan,nan,nan,nan,nan,nan,nan,nan,nan,nan,nan,nan,nan,nan,nan,nan,nan,nan,nan,nan,nan,nan,nan,nan,nan,nan,nan,nan,nan,nan,nan,nan,nan,nan,nan,nan,nan,nan,nan,nan,nan,nan,nan,nan,nan,nan,nan,nan,nan,nan
0.05,0.05,0.05,-0.025,0.025,0.045,0.951056560832,0.309016857306,1.89218296602e-17,5.82353731087e-17,0.051124807504,0.0218074258184,0.117929182656,-0.55574966466,-0.589479987386,0.423422108164,0.405424928957,0.240069204312,0.00912919888445,0.23702012091,0.437605371585,0.365245262225,0.510989361917,0.59039960016,0.285906940543,0.710122681811,0.718404195554,0.284309968118,0.718009254212,0.710445541312,0.715879545882,0.140764849614,0.451338970134,0.0692710646342,0.522470204192,0.310270317779,-1.79434168857e-07,0.595476680025,0.142502407605,0.442915236093,0.717456982967,0.568302883368,0.7181441115,0.710835404252,0.716651167014,1.52636411402,-8.79906814077e-10,-5.91018704199e-07,0.508340812305,0.402414621483,nan,nan,nan,nan,nan,nan,nan,nan,nan,nan,nan,nan,-0.00225436662782,-0.0250067719631,-0.000247250240192,nan,nan,nan,nan,nan,nan,nan,nan,nan,nan,nan,nan,nan,nan,nan,nan,nan,nan,nan,nan,nan,-0.0225468366196,-0.0249954737755,-0.0125952117245,nan,nan,nan,nan,nan,nan,nan,nan,nan,-0.0249739633323,0.00108378569709,0.0228521213984,nan,nan,nan,nan,nan,nan,-0.0014526836643,0.0249726646296,-0.010594118112,nan,nan,nan,nan,nan,nan,nan,nan,nan,nan,nan,nan,nan,nan,nan,nan,nan,nan,nan,nan,nan,nan,nan,nan,-2.64261639253,-19.8553785563,-10.3880756773,4.45401329683e-18,3.07266205524e-17,-5.98627648368e-17,nan,nan,nan,nan,nan,nan,nan,nan,nan,nan,nan,nan,nan,nan,nan,nan,nan,nan,nan,nan,nan,nan,nan,nan,nan,nan,nan,nan,nan,nan,nan,nan,nan,nan,nan,nan,nan,nan,nan,nan,nan,nan,-3.0066246573,-11.1050101927,4.76307938269,-4.92950639932e-17,1.40950778735e-17,1.74555741997e-18,nan,nan,nan,nan,nan,nan,nan,nan,nan,nan,nan,nan,nan,nan,nan,nan,nan,nan,-1.07585981155,0.000762894536533,0.157627457657,1.59872553808e-18,2.79817712332e-17,1.07764055893e-17,nan,nan,nan,nan,nan,nan,nan,nan,nan,nan,nan,nan,6.50213244741,31.649176063,-0.143194803008,0.0,0.0,0.0
0.05,0.05,0.05,-0.015,-0.025,0.045,6.12323e-17,1.0,-6.12323e-17,3.7494e-33,0.0453704098672,0.0250788413204,0.10937796514,0.596509975133,-0.336928278706,-0.688759051128,0.237204877826,0.342124973455,0.0858763338988,0.227183257682,0.414769941376,0.329806359504,0.511902197099,0.581518361541,0.302969568172,0.763343988739,0.762189619886,0.306609504921,0.761797431248,0.763365350806,0.757731654059,0.165980927917,0.543850288574,0.16651612823,0.582028985662,0.358135619998,0.0689944329009,0.60793961413,0.167408928552,0.369405094881,0.316136691462,0.505043383027,0.512557266553,0.719710538049,0.719552467885,0.868371202879,0.00062194849559,-1.15912628518e-05,0.324789693614,0.444580299433,nan,nan,nan,nan,nan,nan,nan,nan,nan,nan,nan,nan,-0.0208190971496,0.0249991503004,0.00350103583981,nan,nan,nan,nan,nan,nan,nan,nan,nan,nan,nan,nan,nan,nan,nan,nan,nan,nan,nan,nan,nan,-0.00538893398475,0.0250007529421,-0.0107669091062,nan,nan,nan,nan,nan,nan,nan,nan,nan,0.0232317683754,0.0248901644398,0.000183613433782,0.0081014081525,-0.0249162220167,0.0231402690274,nan,nan,nan,-0.0232137898982,-0.0248926707333,-0.0116794750521,nan,nan,nan,nan,nan,nan,nan,nan,nan,nan,nan,nan,nan,nan,nan,nan,nan,nan,nan,nan,nan,nan,nan,nan,0.0,0.0,0.0,0.0,0.0,0.0,nan,nan,nan,nan,nan,nan,nan,nan,nan,nan,nan,nan,nan,nan,nan,nan,nan,nan,nan,nan,nan,nan,nan,nan,nan,nan,nan,nan,nan,nan,nan,nan,nan,nan,nan,nan,nan,nan,nan,nan,nan,nan,1.37586549961,5.35950610211,-1.97589758285,-3.32281281963e-18,-1.43440880583e-18,-6.20450491686e-18,nan,nan,nan,nan,nan,nan,nan,nan,nan,nan,nan,nan,nan,nan,nan,nan,nan,nan,7.79179468623,26.2827283812,-5.24490685162,-1.59400098465e-15,5.33323572244e-16,3.04499246932e-16,-1.45097746423,-23.4228691429,5.14833174986,1.83162577834e-17,1.15154189529e-17,5.75527458066e-17,nan,nan,nan,nan,nan,nan,-8.43295055499,-8.07708124401,-2.21946237058,-0.000459754036519,-0.00153512610795,-7.6769029634e-06
0.05,0.05,0.05,-0.015,-0.025,0.045,0.58778508449,0.809017116291,-4.95380071207e-17,3.59915051735e-17,0.0468149360076,0.0465445880644,0.127805647934,0.119513172283,-0.460438297787,-0.572069404221,0.668168969899,0.498224290248,0.215913394368,0.218921908082,0.390585771202,0.358409723606,0.520939464258,0.613556951428,0.305639906683,0.774286465666,0.77119286513,0.310691687266,0.769190674685,0.774679717967,0.766562232892,0.078467691652,0.545196526085,0.22415150639,0.625558644052,0.499842405631,0.187293907452,0.732581407822,0.15281225988,0.509731694239,0.7654126371,0.653952865283,0.767352315927,0.773965436213,0.764933664083,0.720179240419,-1.31586386232e-09,-5.29750465716e-10,0.434771461404,0.239800022668,nan,nan,nan,nan,nan,nan,nan,nan,nan,nan,nan,nan,0.024997641292,-0.00256066126953,-0.00289165841615,nan,nan,nan,nan,nan,nan,nan,nan,nan,nan,nan,nan,nan,nan,nan,nan,nan,nan,nan,nan,nan,0.0249987467292,-0.0119447610642,-0.0194225411596,nan,nan,nan,nan,nan,nan,nan,nan,nan,nan,nan,nan,nan,nan,nan,-0.0249097302146,-0.023166376762,-0.00559333490599,-0.0249502155194,-0.00122110644882,-0.0117758520144,nan,nan,nan,nan,nan,nan,nan,nan,nan,nan,nan,nan,nan,nan,nan,nan,nan,nan,nan,nan,nan,nan,nan,nan,0.0,0.0,0.0,0.0,0.0,0.0,nan,nan,nan,nan,nan,nan,nan,nan,nan,nan,nan,nan,nan,nan,nan,nan,nan,nan,nan,nan,nan,nan,nan,nan,nan,nan,nan,nan,nan,nan,nan,nan,nan,nan,nan,nan,nan,nan,nan,nan,nan,nan,39.2672750151,-9.50600425392,-3.99432895959,-0.0118124297114,-2.09029400705e-06,4.68827681449e-06,nan,nan,nan,nan,nan,nan,nan,nan,nan,nan,nan,nan,nan,nan,nan,nan,nan,nan,nan,nan,nan,nan,nan,nan,nan,nan,nan,nan,nan,nan,0.0,0.0,0.0,0.0,0.0,0.0,-40.1244439791,12.4337508253,0.326540268005,-0.0128043415015,0.0098190181193,0.00876277715667
0.05,0.05,0.05,-0.015,-0.015,0.045,6.12323e-17,1.0,-6.12323e-17,3.7494e-33,0.0584433291566,0.00536091389285,0.0927206735287,0.439425184582,-0.785233526445,-0.271280780904,0.341643899424,0.140124651313,0.148823600456,0.701508509159,0.733205914856,0.714805432512,0.733898703103,0.727946476752,0.291222990905,0.732569513894,0.731766550607,0.293630245288,0.731287192124,0.732927758165,0.729984526696,-0.044984649018,0.534051525477,0.214499699845,0.584311622264,0.414142882188,-3.64250851703e-10,0.619688890204,0.328115793321,0.342648829521,0.263672403917,0.498116523814,0.482000897687,0.689108404251,0.676543827983,1.14619995365,0.0832366789908,0.0795927365074,0.348815490643,0.529664500021,nan,nan,nan,nan,nan,nan,nan,nan,nan,nan,nan,nan,nan,nan,nan,nan,nan,nan,nan,nan,nan,nan,nan,nan,nan,nan,nan,nan,nan,nan,nan,nan,nan,nan,nan,nan,0.011548615341,0.0248134069297,-0.0233429957403,nan,nan,nan,nan,nan,nan,nan,nan,nan,0.0249981583756,0.0193788180633,-0.0104603882675,nan,nan,nan,-0.02485010242,0.017938339351,0.0233537837424,-0.024999886793,0.0142248121011,-0.00663912013404,nan,nan,nan,nan,nan,nan,nan,nan,nan,nan,nan,nan,nan,nan,nan,nan,nan,nan,nan,nan,nan,nan,nan,nan,nan,nan,nan,nan,nan,nan,nan,nan,nan,nan,nan,nan,nan,nan,nan,nan,nan,nan,nan,nan,nan,nan,nan,nan,nan,nan,nan,nan,nan,nan,nan,nan,nan,nan,nan,nan,nan,nan,nan,nan,nan,nan,nan,nan,nan,nan,nan,nan,0.47484442144,9.13990653217,-4.62745596864,-0.000146179383028,-0.00355646434135,0.00211472770075,nan,nan,nan,nan,nan,nan,nan,nan,nan,nan,nan,nan,nan,nan,nan,nan,nan,nan,22.4074722692,-6.42876187128,-2.98679841538,1.27026596321e-17,2.1835725855e-17,4.82984760207e-17,nan,nan,nan,nan,nan,nan,-4.62962392452,0.000494294066299,1.68206708232,2.72299258669e-18,3.08883147892e-18,7.4936992508e-18,-20.1292849454,-5.20155570316,2.11383495163,3.51309369485e-17,-1.37487429997e-16,-3.77885953819e-18
0.05,0.05,0.05,-0.015,-0.015,0.045,0.58778508449,0.809017116291,-4.95380071207e-17,3.59915051735e-17,0.0444597415718,0.0276057924232,0.112419315734,0.160672944038,-0.686043043359,-0.303144742452,0.641585857728,0.325827579419,0.0701141932763,0.232150739529,0.402594157396,0.360942093381,0.50778160919,0.601712690543,0.301680646839,0.761539734288,0.759394628253,0.30592369038,0.759081622756,0.761556271539,0.755945575661,0.177069205181,0.532472944081,0.151659115184,0.578298097525,0.355405878969,0.0734590605834,0.612759197526,0.194118095209,0.441064027256,0.582577550834,0.592893244984,0.730438491477,0.765578213072,0.737254840465,0.841348548302,-1.57672896961e-09,-7.78885400621e-10,0.394669839857,0.318760416431,nan,nan,nan,nan,nan,nan,nan,nan,nan,nan,nan,nan,0.0249949298427,0.0159438313339,0.00109161735866,nan,nan,nan,nan,nan,nan,nan,nan,nan,nan,nan,nan,nan,nan,nan,nan,nan,nan,nan,nan,nan,0.0249926945498,0.000889000959649,-0.0143148980776,nan,nan,nan,nan,nan,nan,nan,nan,nan,0.0241205705281,-0.0243612948833,0.000625229540985,nan,nan,nan,nan,nan,nan,-0.0248067270921,0.0233794367026,-0.00921431581886,nan,nan,nan,nan,nan,nan,nan,nan,nan,nan,nan,nan,nan,nan,nan,nan,nan,nan,nan,nan,nan,nan,nan,nan,2.36488384766,-5.1630276966,-7.31582575161,-7.77282668363e-05,1.38978352454e-05,-9.77671339741e-06,nan,nan,nan,nan,nan,nan,nan,nan,nan,nan,nan,nan,nan,nan,nan,nan,nan,nan,nan,nan,nan,nan,nan,nan,nan,nan,nan,nan,nan,nan,nan,nan,nan,nan,nan,nan,nan,nan,nan,nan,nan,nan,42.1578738102,-10.64714345,-15.1100050721,3.9778378871e-16,1.18974532885e-15,2.71497564919e-16,nan,nan,nan,nan,nan,nan,nan,nan,nan,nan,nan,nan,nan,nan,nan,nan,nan,nan,1.93283960204,1.67944574541,-8.1296239091,0.0,0.0,0.0,nan,nan,nan,nan,nan,nan,nan,nan,nan,nan,nan,nan,-44.590474831,13.6108570554,25.4727582391,6.51396032495e-16,1.73129918102e-15,2.15194313375e-16
0.05,0.05,0.05,-0.015,-0.005,0.045,0.58778508449,0.809017116291,-4.95380071207e-17,3.59915051735e-17,0.042562626556,0.0202617524611,0.110705398693,0.000356051020011,-0.64032737062,-0.0262848690047,0.76765215907,0.13627846361,0.0165560881424,0.31019777878,0.430297563903,0.427387632817,0.508661279547,0.625496123453,0.30084947336,0.759243473624,0.757362193452,0.304191870186,0.756219953408,0.759143846552,0.753084028989,0.0238411664003,0.543074212499,0.153808811871,0.5731116527,0.334102956471,-5.16502396408e-10,0.592045970744,0.158884288524,0.428063779015,0.392720742541,0.504668693705,0.435054303103,0.672281010325,0.595828086076,0.766525472733,0.198973093648,0.0854708910275,0.481099043304,0.564172172183,nan,nan,nan,nan,nan,nan,nan,nan,nan,nan,nan,nan,0.0249992286053,0.00430903679616,0.00823304942532,nan,nan,nan,nan,nan,nan,nan,nan,nan,nan,nan,nan,nan,nan,nan,nan,nan,nan,nan,nan,nan,0.0249966596603,-0.00947330204976,-0.00766445224255,nan,nan,nan,nan,nan,nan,nan,nan,nan,0.00571488882252,-0.0247689558609,-0.00351294722565,-0.0245324319096,0.0236321298175,0.0188624065722,nan,nan,nan,-0.000751912629763,0.024970211503,-0.0130265184392,nan,nan,nan,nan,nan,nan,nan,nan,nan,nan,nan,nan,nan,nan,nan,nan,nan,nan,nan,nan,nan,nan,nan,nan,21.9952140954,2.86828977461,1.20609912104,5.95892855356e-17,-4.55213446165e-16,-4.14146744099e-18,nan,nan,nan,nan,nan,nan,nan,nan,nan,nan,nan,nan,nan,nan,nan,nan,nan,nan,nan,nan,nan,nan,nan,nan,nan,nan,nan,nan,nan,nan,nan,nan,nan,nan,nan,nan,nan,nan,nan,nan,nan,nan,15.0019648187,-2.50135995885,2.30571140119,0.000493945569491,-5.96645546341e-07,-6.57172712924e-07,nan,nan,nan,nan,nan,nan,nan,nan,nan,nan,nan,nan,nan,nan,nan,nan,nan,nan,-3.89633515139,-49.086096353,-10.4185672445,0.0,0.0,0.0,-17.804870088,18.530942297,12.6729345749,0.0138451647331,-0.00786954962383,-0.000760684003822,nan,nan,nan,nan,nan,nan,-14.8973023695,30.574816264,-11.2169305669,1.01363997315e-17,-2.90214429786e-17,-9.25681310344e-17
0.05,0.05,0.05,-0.015,0.005,0.045,0.58778508449,0.809017116291,-4.95380071207e-17,3.59915051735e-17,0.137983089889,-0.0113930607254,0.0973450552369,-0.190512923898,-0.73692690864,0.255971012121,0.595921469745,nan,nan,nan,nan,nan,nan,nan,nan,nan,nan,nan,nan,nan,nan,nan,nan,nan,nan,nan,nan,nan,nan,nan,nan,nan,nan,nan,nan,nan,nan,nan,nan,nan,nan,nan,nan,nan,nan,nan,nan,nan,nan,nan,nan,nan,nan,nan,nan,nan,nan,nan,nan,nan,nan,nan,nan,nan,nan,nan,nan,nan,nan,nan,nan,nan,nan,nan,nan,nan,nan,nan,nan,nan,nan,nan,nan,nan,nan,nan,nan,nan,nan,nan,nan,nan,nan,nan,nan,nan,nan,nan,nan,nan,nan,nan,nan,nan,nan,nan,nan,nan,nan,nan,nan,nan,nan,nan,nan,nan,nan,nan,nan,nan,nan,nan,nan,nan,nan,nan,nan,nan,nan,nan,nan,nan,nan,nan,nan,nan,nan,nan,nan,nan,nan,nan,nan,nan,nan,nan,nan,nan,nan,nan,nan,nan,nan,nan,nan,nan,nan,nan,nan,nan,nan,nan,nan,nan,nan,nan,nan,nan,nan,nan,nan,nan,nan,nan,nan,nan,nan,nan,nan,nan,nan,nan,nan,nan,nan,nan,nan,nan,nan,nan,nan,nan,nan,nan,nan,nan,nan,nan,nan,nan,nan,nan,nan,nan,nan,nan,nan,nan,nan,nan,nan,nan,nan,nan,nan,nan,nan,nan,nan,nan
0.05,0.05,0.05,-0.015,0.015,0.045,0.58778508449,0.809017116291,-4.95380071207e-17,3.59915051735e-17,0.140162518253,0.0134113227723,0.0626465619282,0.325771770698,-0.627983019519,-0.302915499966,0.638554837498,nan,nan,nan,nan,nan,nan,nan,nan,nan,nan,nan,nan,nan,nan,nan,nan,nan,nan,nan,nan,nan,nan,nan,nan,nan,nan,nan,nan,nan,nan,nan,nan,nan,nan,nan,nan,nan,nan,nan,nan,nan,nan,nan,nan,nan,nan,nan,nan,nan,nan,nan,nan,nan,nan,nan,nan,nan,nan,nan,nan,nan,nan,nan,nan,nan,nan,nan,nan,nan,nan,nan,nan,nan,nan,nan,nan,nan,nan,nan,nan,nan,nan,nan,nan,nan,nan,nan,nan,nan,nan,nan,nan,nan,nan,nan,nan,nan,nan,nan,nan,nan,nan,nan,nan,nan,nan,nan,nan,nan,nan,nan,nan,nan,nan,nan,nan,nan,nan,nan,nan,nan,nan,nan,nan,nan,nan,nan,nan,nan,nan,nan,nan,nan,nan,nan,nan,nan,nan,nan,nan,nan,nan,nan,nan,nan,nan,nan,nan,nan,nan,nan,nan,nan,nan,nan,nan,nan,nan,nan,nan,nan,nan,nan,nan,nan,nan,nan,nan,nan,nan,nan,nan,nan,nan,nan,nan,nan,nan,nan,nan,nan,nan,nan,nan,nan,nan,nan,nan,nan,nan,nan,nan,nan,nan,nan,nan,nan,nan,nan,nan,nan,nan,nan,nan,nan,nan,nan,nan,nan,nan,nan,nan,nan
0.05,0.05,0.05,-0.015,0.015,0.045,0.951056560832,0.309016857306,1.89218296602e-17,5.82353731087e-17,0.0534161841725,0.0223718272568,0.116443792307,-0.514710348833,-0.663161567378,0.280958823739,0.465136680687,0.235654291757,0.000657140461068,0.253868873387,0.430011696761,0.362266685527,0.522927016012,0.583953275139,0.293250373175,0.735060699704,0.739338632021,0.295151585412,0.737701982658,0.734804488455,0.73622540326,0.209888269999,0.467642826595,0.0841449482814,0.548848269144,0.34161823852,0.0308469067771,0.615238006279,0.195290436367,0.419084356271,0.688773048554,0.591749850612,0.757438387947,0.735174643592,0.73777498456,1.30434539793,-1.11981446338e-09,-1.71726100007e-09,0.401542060507,0.315242269822,nan,nan,nan,nan,nan,nan,nan,nan,nan,nan,nan,nan,0.01313892396,-0.0250050065169,-0.00562189683647,nan,nan,nan,nan,nan,nan,nan,nan,nan,nan,nan,nan,nan,nan,nan,nan,nan,nan,nan,nan,nan,-0.00726576370899,-0.024994990701,-0.0164406903654,nan,nan,nan,nan,nan,nan,-0.0241714274732,-0.024348422157,0.0127699249065,nan,nan,nan,nan,nan,nan,nan,nan,nan,0.00703570858401,0.0249809734419,-0.00666888312686,nan,nan,nan,nan,nan,nan,nan,nan,nan,nan,nan,nan,nan,nan,nan,nan,nan,nan,nan,nan,nan,nan,nan,nan,0.0,0.0,0.0,0.0,0.0,0.0,nan,nan,nan,nan,nan,nan,nan,nan,nan,nan,nan,nan,nan,nan,nan,nan,nan,nan,nan,nan,nan,nan,nan,nan,nan,nan,nan,nan,nan,nan,nan,nan,nan,nan,nan,nan,nan,nan,nan,nan,nan,nan,-1.28237691812,-13.8798488429,3.21949900107,-2.49134364665e-16,2.84797771315e-17,2.35474037676e-17,nan,nan,nan,nan,nan,nan,nan,nan,nan,nan,nan,nan,-11.0886549377,-16.9978393706,1.51659133308,3.47615286662e-18,-2.08391253116e-18,2.05978308989e-18,nan,nan,nan,nan,nan,nan,nan,nan,nan,nan,nan,nan,nan,nan,nan,nan,nan,nan,10.4676704379,33.9052447019,-6.25340045025,-2.35796866969e-17,-1.5129183084e-17,-1.21499182728e-16
0.05,0.05,0.05,-0.015,0.025,0.045,0.58778508449,0.809017116291,-4.95380071207e-17,3.59915051735e-17,0.139184267544,0.00230773574434,0.0715748011357,0.306872786449,-0.613893584915,-0.281562083985,0.670586722355,nan,nan,nan,nan,nan,nan,nan,nan,nan,nan,nan,nan,nan,nan,nan,nan,nan,nan,nan,nan,nan,nan,nan,nan,nan,nan,nan,nan,nan,nan,nan,nan,nan,nan,nan,nan,nan,nan,nan,nan,nan,nan,nan,nan,nan,nan,nan,nan,nan,nan,nan,nan,nan,nan,nan,nan,nan,nan,nan,nan,nan,nan,nan,nan,nan,nan,nan,nan,nan,nan,nan,nan,nan,nan,nan,nan,nan,nan,nan,nan,nan,nan,nan,nan,nan,nan,nan,nan,nan,nan,nan,nan,nan,nan,nan,nan,nan,nan,nan,nan,nan,nan,nan,nan,nan,nan,nan,nan,nan,nan,nan,nan,nan,nan,nan,nan,nan,nan,nan,nan,nan,nan,nan,nan,nan,nan,nan,nan,nan,nan,nan,nan,nan,nan,nan,nan,nan,nan,nan,nan,nan,nan,nan,nan,nan,nan,nan,nan,nan,nan,nan,nan,nan,nan,nan,nan,nan,nan,nan,nan,nan,nan,nan,nan,nan,nan,nan,nan,nan,nan,nan,nan,nan,nan,nan,nan,nan,nan,nan,nan,nan,nan,nan,nan,nan,nan,nan,nan,nan,nan,nan,nan,nan,nan,nan,nan,nan,nan,nan,nan,nan,nan,nan,nan,nan,nan,nan,nan,nan,nan,nan,nan,nan
0.05,0.05,0.05,-0.015,0.025,0.045,0.951056560832,0.309016857306,1.89218296602e-17,5.82353731087e-17,0.051799892816,0.0229237925265,0.115437779981,-0.480973362197,-0.654812847778,0.219330019902,0.540165809369,0.203951280933,-1.85061885816e-08,0.237843474254,0.433948620452,0.329412324486,0.513876374173,0.559974765996,0.295954232567,0.743906002114,0.745848462228,0.298562383759,0.744288560225,0.743524416102,0.743132923954,0.217795923536,0.473287619267,0.085898054114,0.557725017403,0.356095428328,0.0390573204878,0.626833019205,0.160897726874,0.448550496441,0.755837991672,0.617944117879,0.783193815698,0.747241168072,0.751922633515,1.19058524319,-2.16429718591e-09,-5.14989840639e-06,0.428520866185,0.307011215635,nan,nan,nan,nan,nan,nan,nan,nan,nan,nan,nan,nan,0.0186514950751,-0.0250043603934,-0.00288593249227,nan,nan,nan,nan,nan,nan,nan,nan,nan,nan,nan,nan,nan,nan,nan,nan,nan,nan,nan,nan,nan,-0.000185969817365,-0.0249971346643,-0.0203233061258,nan,nan,nan,nan,nan,nan,-0.0235173279909,-0.024778425621,0.0108343289684,-0.024996050438,-0.022654744244,0.0109993914408,nan,nan,nan,nan,nan,nan,0.0107495125342,0.0249212061454,-0.00638181135402,nan,nan,nan,nan,nan,nan,nan,nan,nan,nan,nan,nan,nan,nan,nan,nan,nan,nan,nan,nan,nan,nan,nan,nan,0.0,0.0,0.0,0.0,0.0,0.0,nan,nan,nan,nan,nan,nan,nan,nan,nan,nan,nan,nan,nan,nan,nan,nan,nan,nan,nan,nan,nan,nan,nan,nan,nan,nan,nan,nan,nan,nan,nan,nan,nan,nan,nan,nan,nan,nan,nan,nan,nan,nan,-5.26283571356,-19.0780259333,-0.895741350602,1.67519358265e-16,-4.3607378412e-17,-5.54670889439e-17,nan,nan,nan,nan,nan,nan,nan,nan,nan,nan,nan,nan,-4.67057708854,-22.1030480904,3.64012440929,-5.23641901867e-16,1.14387995243e-16,2.26952381449e-17,-7.67500467415,-0.493169343999,-0.000128400069852,2.61493792666e-09,1.68028185113e-10,3.74850990269e-12,nan,nan,nan,nan,nan,nan,nan,nan,nan,nan,nan,nan,17.3192357699,44.5495649549,-6.54117711511,-1.63764350024e-16,5.24711853438e-17,-7.62408508848e-17
0.05,0.05,0.05,-0.005,-0.025,0.045,6.12323e-17,1.0,-6.12323e-17,3.7494e-33,0.0441337650854,0.0287241771881,0.112910227709,0.612294620573,-0.363145301243,-0.657239025927,0.247502829481,0.299474906679,0.0512870925021,0.235522532121,0.412304301478,0.361783669533,0.505563243697,0.611116245339,0.303307851986,0.764260727033,0.763980695208,0.306658200277,0.762690732349,0.763550917226,0.760182851651,0.177295960383,0.532419268585,0.149272517419,0.581957279995,0.363135572689,0.073870472941,0.629256745313,0.196749231103,0.451762399328,0.636828668681,0.600151428446,0.733603234943,0.762329583743,0.724474816708,0.805074318531,-1.5652341645e-09,-1.86986692796e-09,0.410589208787,0.295597321667,nan,nan,nan,nan,nan,nan,nan,nan,nan,nan,nan,nan,-0.0155975447881,0.0249909846486,0.000677335126906,nan,nan,nan,nan,nan,nan,nan,nan,nan,nan,nan,nan,nan,nan,nan,nan,nan,nan,nan,nan,nan,0.0011311854424,0.0249933464123,-0.0145364538377,nan,nan,nan,nan,nan,nan,nan,nan,nan,nan,nan,nan,nan,nan,nan,nan,nan,nan,-0.0233073300992,-0.0248579378175,-0.00965122722672,nan,nan,nan,nan,nan,nan,nan,nan,nan,nan,nan,nan,nan,nan,nan,nan,nan,nan,nan,nan,nan,nan,nan,nan,0.976911430177,3.86771570162,0.752319538031,-8.20886563924e-20,5.41777041982e-20,-1.71935732024e-19,nan,nan,nan,nan,nan,nan,nan,nan,nan,nan,nan,nan,nan,nan,nan,nan,nan,nan,nan,nan,nan,nan,nan,nan,nan,nan,nan,nan,nan,nan,nan,nan,nan,nan,nan,nan,nan,nan,nan,nan,nan,nan,8.90926751589,25.6583174685,-2.30119832667,-7.11609306678e-16,2.53956817943e-16,7.65631436626e-17,nan,nan,nan,nan,nan,nan,nan,nan,nan,nan,nan,nan,nan,nan,nan,nan,nan,nan,nan,nan,nan,nan,nan,nan,nan,nan,nan,nan,nan,nan,nan,nan,nan,nan,nan,nan,-11.9077195392,-31.9777204156,-2.81454123869,-0.000219037301066,-0.00105231647719,5.68604513478e-05
0.05,0.05,0.05,-0.005,-0.025,0.045,0.58778508449,0.809017116291,-4.95380071207e-17,3.59915051735e-17,0.0448339335921,0.0272568056618,0.112210748639,0.130950168986,-0.68041828754,-0.313064147372,0.649518165146,0.306597034262,0.0610437914592,0.239549225087,0.408340678507,0.361451057796,0.510257586838,0.601572602026,0.300924279113,0.760102113863,0.757897269748,0.305234529399,0.75709973178,0.760373536266,0.754237434872,0.160932697503,0.534511737526,0.156163113807,0.577469727914,0.352267331427,0.0570681775427,0.602224858576,0.205437691494,0.431222507032,0.52780357371,0.576779771801,0.688363001851,0.758843242785,0.739902587073,0.870750364007,-2.34717401071e-09,-1.286342588e-09,0.364966699837,0.317710866163,nan,nan,nan,nan,nan,nan,nan,nan,nan,nan,nan,nan,0.0249967154078,0.0156057993817,0.00264010959403,nan,nan,nan,nan,nan,nan,nan,nan,nan,nan,nan,nan,nan,nan,nan,nan,nan,nan,nan,nan,nan,0.0249965471877,0.00141677169197,-0.0140413594368,nan,nan,nan,nan,nan,nan,nan,nan,nan,nan,nan,nan,-0.0249125440126,-0.00777487369915,0.0231548802929,nan,nan,nan,-0.0247718596543,0.0234707723047,-0.009433494277,nan,nan,nan,nan,nan,nan,nan,nan,nan,nan,nan,nan,nan,nan,nan,nan,nan,nan,nan,nan,nan,nan,nan,nan,28.55242327,-5.18038818093,-10.6347272644,-2.92109530819e-17,1.39483887026e-17,-8.52209503789e-17,nan,nan,nan,nan,nan,nan,nan,nan,nan,nan,nan,nan,nan,nan,nan,nan,nan,nan,nan,nan,nan,nan,nan,nan,nan,nan,nan,nan,nan,nan,nan,nan,nan,nan,nan,nan,nan,nan,nan,nan,nan,nan,34.4400950629,-9.68732032525,-1.2094431362,9.3674089026e-17,3.29118678721e-16,3.13090083003e-17,nan,nan,nan,nan,nan,nan,nan,nan,nan,nan,nan,nan,nan,nan,nan,nan,nan,nan,nan,nan,nan,nan,nan,nan,-12.7910647598,-0.198358199941,1.9276962509,6.60539492663e-18,1.70075605096e-16,6.13301629413e-17,nan,nan,nan,nan,nan,nan,-51.1450291588,15.4944773972,4.61393802613,-0.0101212477592,0.00320188453158,0.000438552448896
0.05,0.05,0.05,-0.005,-0.015,0.045,6.12323e-17,1.0,-6.12323e-17,3.7494e-33,0.0525322265343,0.0108667109202,0.0965199200334,0.423506286118,-0.726560804803,-0.368675624076,0.396017811159,0.103715559249,0.0666108432759,0.468766843886,0.610566084378,0.545845684045,0.653975245175,0.668057100397,0.296084151235,0.74110236216,0.747725531574,0.297806699991,0.747098719491,0.740647862936,0.742914966171,-0.0652573251512,0.53866079039,0.185597465677,0.586192997671,0.383488579874,-5.01731989289e-10,0.620754529055,0.371151826756,0.360694783825,0.288785605553,0.513698390055,0.500414203821,0.705173281903,0.696443868206,1.09918756586,0.120852877168,0.0454561906616,0.346011545024,0.543391537247,nan,nan,nan,nan,nan,nan,nan,nan,nan,nan,nan,nan,-0.000517956150491,0.025028643394,0.00355146422996,nan,nan,nan,nan,nan,nan,nan,nan,nan,nan,nan,nan,nan,nan,nan,nan,nan,nan,nan,nan,nan,0.0113069605154,0.0248639447706,-0.0229274299235,nan,nan,nan,nan,nan,nan,nan,nan,nan,0.0249708421,0.0156174365583,-0.00570821130348,nan,nan,nan,-0.0249989366172,0.00387993956027,0.0222730169965,-0.0250026371373,0.00863958778661,-0.00850352785883,nan,nan,nan,nan,nan,nan,nan,nan,nan,nan,nan,nan,nan,nan,nan,nan,nan,nan,nan,nan,nan,nan,nan,nan,0.00657562967658,14.768506003,-0.00239400724361,2.12206852269e-17,-7.26437804049e-21,1.34733747874e-17,nan,nan,nan,nan,nan,nan,nan,nan,nan,nan,nan,nan,nan,nan,nan,nan,nan,nan,nan,nan,nan,nan,nan,nan,nan,nan,nan,nan,nan,nan,nan,nan,nan,nan,nan,nan,nan,nan,nan,nan,nan,nan,0.810493848068,6.69333524387,-4.57439266164,-7.8862227213e-18,-1.03782634238e-17,-1.65829514332e-17,nan,nan,nan,nan,nan,nan,nan,nan,nan,nan,nan,nan,nan,nan,nan,nan,nan,nan,21.7215324206,-11.0047968462,-5.12469080378,0.0,0.0,0.0,nan,nan,nan,nan,nan,nan,-15.3010490975,-4.12233578627,-1.92444259309,-8.4321396081e-17,3.59558235157e-16,-9.97764024346e-17,-12.1763427766,-5.2880794334,9.04334682412,1.3612241579e-16,-3.48781572971e-16,-2.06683954706e-17
0.05,0.05,0.05,-0.005,0.015,0.045,0.951056560832,-0.309016857306,-1.89218296602e-17,5.82353731087e-17,0.0508446069568,0.023058197728,0.115340768444,-0.825881112582,-0.118751003862,0.521018066475,0.179885411774,0.313339885883,0.0419031866998,0.225954551506,0.429526755693,0.332784441321,0.524474239984,0.553235698653,0.294193192615,0.739415426397,0.742702640418,0.297123454759,0.740682336709,0.739425218495,0.740375717901,0.187540322718,0.471216227139,0.0835115914659,0.551296341466,0.349243008418,0.0115939490049,0.619867874028,0.176052656202,0.437217511253,0.725856978773,0.604523744657,0.771281518976,0.741383164869,0.742974381048,1.24521848376,-9.64149649008e-10,-2.69234278161e-06,0.417307419503,0.324513518008,nan,nan,nan,nan,nan,nan,nan,nan,nan,nan,nan,nan,nan,nan,nan,nan,nan,nan,nan,nan,nan,nan,nan,nan,nan,nan,nan,nan,nan,nan,nan,nan,nan,nan,nan,nan,-0.0249428902184,0.00248558155719,-0.022872618811,nan,nan,nan,nan,nan,nan,nan,nan,nan,nan,nan,nan,nan,nan,nan,nan,nan,nan,0.0249541877022,-0.00855056456915,-0.0079939409526,nan,nan,nan,nan,nan,nan,nan,nan,nan,nan,nan,nan,nan,nan,nan,nan,nan,nan,nan,nan,nan,nan,nan,nan,nan,nan,nan,nan,nan,nan,nan,nan,nan,nan,nan,nan,nan,nan,nan,nan,nan,nan,nan,nan,nan,nan,nan,nan,nan,nan,nan,nan,nan,nan,nan,nan,nan,nan,nan,nan,nan,nan,nan,nan,nan,nan,nan,nan,nan,nan,nan,nan,-12.8006702987,-6.02087254237,-8.10164834156,4.57104718991e-17,1.11361990561e-17,-8.04989660875e-17,nan,nan,nan,nan,nan,nan,nan,nan,nan,nan,nan,nan,nan,nan,nan,nan,nan,nan,nan,nan,nan,nan,nan,nan,nan,nan,nan,nan,nan,nan,nan,nan,nan,nan,nan,nan,15.7461730818,9.96817222112,0.491372439351,-0.000245899243875,8.74457947581e-07,8.54146275395e-07
0.05,0.05,0.05,-0.005,0.025,0.045,0.951056560832,0.309016857306,1.89218296602e-17,5.82353731087e-17,0.044697692626,0.0262534678384,0.120020270879,-0.250957927762,-0.640257620552,0.10693423323,0.718091475776,-0.0785199053831,0.000117077200339,0.22853170128,0.406578823436,0.272080929149,0.478131064741,0.533081841762,0.300699409515,0.757087460007,0.757308531621,0.303868116408,0.756048183038,0.756659853877,0.75286404227,0.342323603639,0.51042394181,0.0868453576697,0.551978024459,0.289138548838,0.139273673613,0.564505260949,0.120963200111,0.426439599551,0.554957780713,0.565868629259,0.703442187629,0.764334550656,0.763983232828,0.920793138104,-3.20731153636e-07,0.122499018595,0.482805240224,0.578325609185,nan,nan,nan,nan,nan,nan,nan,nan,nan,nan,nan,nan,0.0249988441171,-0.0145342322487,0.00911701273466,nan,nan,nan,nan,nan,nan,nan,nan,nan,nan,nan,nan,nan,nan,nan,nan,nan,nan,nan,nan,nan,0.00938393586505,-0.0249386746953,-0.0146188414487,nan,nan,nan,nan,nan,nan,nan,nan,nan,-0.0235463571181,-0.0247624110986,0.00420676461583,-0.0234668373415,0.0247347504522,0.0230233020148,nan,nan,nan,-0.000648530312813,0.024994123555,-0.0140236831335,nan,nan,nan,nan,nan,nan,nan,nan,nan,nan,nan,nan,nan,nan,nan,nan,nan,nan,nan,nan,nan,nan,nan,nan,53.3901140719,-6.71451882883,-9.51081455557,-0.00184973890141,1.37354378478e-07,-1.51350614106e-07,nan,nan,nan,nan,nan,nan,nan,nan,nan,nan,nan,nan,nan,nan,nan,nan,nan,nan,nan,nan,nan,nan,nan,nan,nan,nan,nan,nan,nan,nan,nan,nan,nan,nan,nan,nan,nan,nan,nan,nan,nan,nan,-7.80476926279,-31.2871012776,-10.8164015527,9.91446578496e-05,0.00167721171716,-7.14318413076e-05,nan,nan,nan,nan,nan,nan,nan,nan,nan,nan,nan,nan,nan,nan,nan,nan,nan,nan,-11.7640582886,-29.9282500697,-9.36527031249,0.0,0.0,0.0,-21.3032060505,51.8633142183,7.88500416815,1.37125617878e-17,2.00759640834e-17,-9.50011551388e-17,nan,nan,nan,nan,nan,nan,-9.8737239826,17.2936086813,13.2486942252,0.0,0.0,0.0
0.05,0.05,0.05,0.005,-0.025,0.045,6.12323e-17,1.0,-6.12323e-17,3.7494e-33,0.0451543172346,0.0199172785766,0.109692975167,0.450772829187,-0.4693648767,-0.630809272618,0.422587423578,0.185956793684,0.0119382851323,0.312395881245,0.461292365211,0.37599685017,0.524003432215,0.59146778391,0.300181056145,0.756502509368,0.758201166496,0.303576275779,0.755783500658,0.75609164225,0.753426327336,0.113879329876,0.539813046477,0.166215021688,0.576396520111,0.358675690429,0.0011862278116,0.615901209184,0.240837456743,0.395249948627,0.425902284147,0.546002466955,0.633203064693,0.748301725783,0.751707778017,0.902114837725,0.000607026282588,0.157076462178,0.470352413539,0.589259460787,nan,nan,nan,nan,nan,nan,nan,nan,nan,nan,nan,nan,nan,nan,nan,nan,nan,nan,nan,nan,nan,nan,nan,nan,nan,nan,nan,nan,nan,nan,nan,nan,nan,nan,nan,nan,0.00388416459202,0.0249954159295,-0.00830315064853,nan,nan,nan,nan,nan,nan,nan,nan,nan,0.0249875119757,0.0181035164416,0.000881529013375,nan,nan,nan,-0.024217277239,-0.0243109594045,0.00523200157674,-0.0250031475175,-0.0125915871294,-0.0087356753425,nan,nan,nan,nan,nan,nan,nan,nan,nan,nan,nan,nan,nan,nan,nan,nan,nan,nan,nan,nan,nan,nan,nan,nan,nan,nan,nan,nan,nan,nan,nan,nan,nan,nan,nan,nan,nan,nan,nan,nan,nan,nan,nan,nan,nan,nan,nan,nan,nan,nan,nan,nan,nan,nan,nan,nan,nan,nan,nan,nan,nan,nan,nan,nan,nan,nan,nan,nan,nan,nan,nan,nan,4.13766080934,8.47116973958,-1.85459712493,1.9038816784e-16,-1.1042882727e-16,-7.96397650611e-17,nan,nan,nan,nan,nan,nan,nan,nan,nan,nan,nan,nan,nan,nan,nan,nan,nan,nan,19.0405773549,9.8287551175,-2.30782086695,-0.0146940097613,2.02163802411e-05,1.584570593e-07,nan,nan,nan,nan,nan,nan,-3.28574633698,-12.5907302847,3.34417541595,-5.15903795471e-18,-6.51602051432e-18,-2.96015413591e-17,-21.9247822751,-3.7429325107,-7.73036373282,0.0,0.0,0.0
0.05,0.05,0.05,0.005,-0.025,0.045,0.58778508449,0.809017116291,-4.95380071207e-17,3.59915051735e-17,0.0441681687435,0.0277856313569,0.110766040548,0.190870108409,-0.648284517273,-0.310790011509,0.66836019864,0.330824303644,0.0822546927586,0.238564217091,0.423125923173,0.32675516965,0.513292529859,0.574822513822,0.303858123485,0.766932853287,0.765835721334,0.308197829536,0.764642860143,0.766921590684,0.761892244743,0.148423050549,0.551393378222,0.176096960709,0.586441420407,0.363749390338,0.0656607716875,0.610545531413,0.187275120292,0.377949476366,0.331897869237,0.51208603385,0.525278658125,0.723409347728,0.719297519696,0.815948876861,0.000327884897205,-3.13143067032e-08,0.318745708715,0.41533434469,nan,nan,nan,nan,nan,nan,nan,nan,nan,nan,nan,nan,0.0250002425516,0.0180389181312,0.00267021629509,nan,nan,nan,nan,nan,nan,nan,nan,nan,nan,nan,nan,nan,nan,nan,nan,nan,nan,nan,nan,nan,0.0249999271469,0.00182459026198,-0.0106341965143,nan,nan,nan,nan,nan,nan,nan,nan,nan,0.0248108004547,-0.0234533775328,-0.00213154151294,-0.0249257618599,-0.0111634342116,0.0230883161642,nan,nan,nan,-0.0248983078179,0.0232004165981,-0.0129245866746,nan,nan,nan,nan,nan,nan,nan,nan,nan,nan,nan,nan,nan,nan,nan,nan,nan,nan,nan,nan,nan,nan,nan,nan,34.4304652887,5.04585784728,-9.81152483076,-1.51844814667e-16,1.26211272615e-15,1.16225948807e-16,nan,nan,nan,nan,nan,nan,nan,nan,nan,nan,nan,nan,nan,nan,nan,nan,nan,nan,nan,nan,nan,nan,nan,nan,nan,nan,nan,nan,nan,nan,nan,nan,nan,nan,nan,nan,nan,nan,nan,nan,nan,nan,27.4933171536,4.57258394655,-6.16668108787,-9.62831997146e-17,7.57573529938e-16,1.32473854797e-16,nan,nan,nan,nan,nan,nan,nan,nan,nan,nan,nan,nan,nan,nan,nan,nan,nan,nan,21.4022522201,-14.2907491972,-5.74873114168,0.0,0.0,0.0,-46.6831002021,6.83938706577,6.3590249243,2.56414119403e-16,1.20273355132e-15,5.88808155255e-16,nan,nan,nan,nan,nan,nan,-36.9436850999,-1.23415913828,10.2010695968,-0.000147688332577,4.1813775993e-05,-9.34277817094e-07
0.05,0.05,0.05,0.005,-0.015,0.045,6.12323e-17,1.0,-6.12323e-17,3.7494e-33,0.0444799217394,0.0238384484466,0.117954668399,0.317601296134,-0.577488512278,-0.481941294548,0.577381176945,0.0570387961682,0.000289622905549,0.251604748745,0.431534695496,0.290091914826,0.482809884868,0.529783721187,0.299689726349,0.755025299152,0.75783565034,0.303494085443,0.754958831804,0.754149872162,0.753027973852,0.374951541035,0.509616791704,0.0739388889201,0.540912191717,0.255480276061,0.121829184359,0.527411520623,0.0690235559767,0.469444321525,0.645532134583,0.597769582792,0.785129378593,0.781969600618,0.785404093851,0.926153201585,8.81005487923e-05,0.112838398305,0.514657493526,0.55546867172,nan,nan,nan,nan,nan,nan,nan,nan,nan,nan,nan,nan,0.011862951713,0.0249951733063,0.00780380536707,nan,nan,nan,nan,nan,nan,nan,nan,nan,nan,nan,nan,nan,nan,nan,nan,nan,nan,nan,nan,nan,nan,nan,nan,nan,nan,nan,nan,nan,nan,nan,nan,nan,nan,nan,nan,-0.0243578588516,-0.0241310081193,0.0227239511768,nan,nan,nan,-0.0249270819315,-0.00138394002409,-0.0157759255107,nan,nan,nan,nan,nan,nan,nan,nan,nan,nan,nan,nan,nan,nan,nan,nan,nan,nan,nan,nan,nan,nan,nan,nan,0.069762820728,-6.33149959883e-07,-0.0915573900298,-8.59214822834e-20,-4.18861642463e-19,-6.54656031702e-20,nan,nan,nan,nan,nan,nan,nan,nan,nan,nan,nan,nan,nan,nan,nan,nan,nan,nan,nan,nan,nan,nan,nan,nan,nan,nan,nan,nan,nan,nan,nan,nan,nan,nan,nan,nan,nan,nan,nan,nan,nan,nan,nan,nan,nan,nan,nan,nan,nan,nan,nan,nan,nan,nan,nan,nan,nan,nan,nan,nan,nan,nan,nan,nan,nan,nan,nan,nan,nan,nan,nan,nan,0.0,0.0,0.0,0.0,0.0,0.0,nan,nan,nan,nan,nan,nan,-0.88865508339,0.483298449611,-0.325488540386,0.0,0.0,0.0
0.05,0.05,0.05,0.005,0.015,0.045,0.951056560832,-0.309016857306,-1.89218296602e-17,5.82353731087e-17,0.0507670846082,0.0245718805899,0.11323651716,-0.76196595126,-0.252868639748,0.505514125588,0.316102529228,0.0986343565065,-3.09096748197e-10,0.208367665768,0.346827654071,0.386212774996,0.506796245082,0.656065956449,0.298429456965,0.755850361921,0.752231516626,0.303455578806,0.750600971286,0.75559181704,0.747946993696,0.294937033497,0.494820168125,0.0952857486045,0.56106989648,0.332152388817,0.127561569453,0.5957509899,0.105811745376,0.455578907784,0.697450302319,0.603382009172,0.753811328222,0.762074747715,0.741655118827,1.11716088926,-1.09383346825e-09,-4.51088943976e-10,0.437150642741,0.360704171445,nan,nan,nan,nan,nan,nan,nan,nan,nan,nan,nan,nan,-0.024245458388,-0.0242871978112,-0.0015537019643,nan,nan,nan,nan,nan,nan,nan,nan,nan,nan,nan,nan,nan,nan,nan,nan,nan,nan,nan,nan,nan,-0.0249963448168,-0.00669987424592,-0.0204492740306,nan,nan,nan,nan,nan,nan,nan,nan,nan,-0.0249573818191,0.0229403006752,0.0163344315739,nan,nan,nan,0.0249942579535,0.00531470147821,0.0226743761691,0.0249990370872,-0.0054181014068,-0.00727817488528,nan,nan,nan,nan,nan,nan,nan,nan,nan,nan,nan,nan,nan,nan,nan,nan,nan,nan,nan,nan,nan,nan,nan,nan,0.0,0.0,0.0,0.0,0.0,0.0,nan,nan,nan,nan,nan,nan,nan,nan,nan,nan,nan,nan,nan,nan,nan,nan,nan,nan,nan,nan,nan,nan,nan,nan,nan,nan,nan,nan,nan,nan,nan,nan,nan,nan,nan,nan,nan,nan,nan,nan,nan,nan,-21.5839525866,6.99982407999,-1.86629015374,7.85235151946e-18,2.04022305224e-17,-1.42918604265e-17,nan,nan,nan,nan,nan,nan,nan,nan,nan,nan,nan,nan,nan,nan,nan,nan,nan,nan,-13.1717113962,2.64590486605,-0.191582936073,-3.47777344234e-17,-1.71687663725e-16,1.99028996037e-17,nan,nan,nan,nan,nan,nan,0.0,0.0,0.0,0.0,0.0,0.0,36.620593314,-8.66051148812,-2.54957113985,-6.53342460922e-17,-2.74165484098e-16,-7.12493591693e-18
0.05,0.05,0.05,0.005,0.025,0.045,0.951056560832,0.309016857306,1.89218296602e-17,5.82353731087e-17,0.138680047793,0.00402539156897,0.0752088508513,-0.32199854674,-0.633630045837,0.315132134197,0.628905111211,nan,nan,nan,nan,nan,nan,nan,nan,nan,nan,nan,nan,nan,nan,nan,nan,nan,nan,nan,nan,nan,nan,nan,nan,nan,nan,nan,nan,nan,nan,nan,nan,nan,nan,nan,nan,nan,nan,nan,nan,nan,nan,nan,nan,nan,nan,nan,nan,nan,nan,nan,nan,nan,nan,nan,nan,nan,nan,nan,nan,nan,nan,nan,nan,nan,nan,nan,nan,nan,nan,nan,nan,nan,nan,nan,nan,nan,nan,nan,nan,nan,nan,nan,nan,nan,nan,nan,nan,nan,nan,nan,nan,nan,nan,nan,nan,nan,nan,nan,nan,nan,nan,nan,nan,nan,nan,nan,nan,nan,nan,nan,nan,nan,nan,nan,nan,nan,nan,nan,nan,nan,nan,nan,nan,nan,nan,nan,nan,nan,nan,nan,nan,nan,nan,nan,nan,nan,nan,nan,nan,nan,nan,nan,nan,nan,nan,nan,nan,nan,nan,nan,nan,nan,nan,nan,nan,nan,nan,nan,nan,nan,nan,nan,nan,nan,nan,nan,nan,nan,nan,nan,nan,nan,nan,nan,nan,nan,nan,nan,nan,nan,nan,nan,nan,nan,nan,nan,nan,nan,nan,nan,nan,nan,nan,nan,nan,nan,nan,nan,nan,nan,nan,nan,nan,nan,nan,nan,nan,nan,nan,nan,nan,nan
0.05,0.05,0.05,0.015,-0.025,0.045,6.12323e-17,1.0,-6.12323e-17,3.7494e-33,0.0480840449355,0.028336713298,0.124036014533,0.417528128327,-0.723041245671,-0.277196562308,0.475440516742,-0.0348769004284,-6.85725254357e-10,0.135153882871,0.324050428142,0.327928022727,0.489376640616,0.643134885863,0.29564365587,0.743639446283,0.743768010085,0.298017882918,0.742616733165,0.74395176483,0.741455957921,0.344789227752,0.481876399899,0.0816459973208,0.549386397146,0.319404020529,0.160824432834,0.600100042296,0.133730793996,0.439462968398,0.759589545441,0.60523233554,0.785804729,0.767540824884,0.74067377688,1.19105671458,-1.258998239e-09,-5.87816018083e-10,0.419216920025,0.245948780212,nan,nan,nan,nan,nan,nan,nan,nan,nan,nan,nan,nan,0.0168033702205,0.0250007840801,-0.00394088348649,nan,nan,nan,nan,nan,nan,nan,nan,nan,nan,nan,nan,nan,nan,nan,nan,nan,nan,nan,nan,nan,0.0249991727494,-0.000503427078359,-0.0123789620842,nan,nan,nan,nan,nan,nan,nan,nan,nan,0.0249970518176,-0.0222510166122,0.0165471243974,nan,nan,nan,nan,nan,nan,-0.0249657131675,-0.0229089247323,-0.0103329640338,nan,nan,nan,nan,nan,nan,nan,nan,nan,nan,nan,nan,nan,nan,nan,nan,nan,nan,nan,nan,nan,nan,nan,nan,4.70554208301,31.649647806,2.23274070671,-1.96735953327e-07,-3.56144456123e-05,4.03906173597e-07,nan,nan,nan,nan,nan,nan,nan,nan,nan,nan,nan,nan,nan,nan,nan,nan,nan,nan,nan,nan,nan,nan,nan,nan,nan,nan,nan,nan,nan,nan,nan,nan,nan,nan,nan,nan,nan,nan,nan,nan,nan,nan,21.3923536484,-12.5592368802,-1.01099387084,3.10807817277e-16,5.51255297467e-16,-2.71450823173e-16,nan,nan,nan,nan,nan,nan,nan,nan,nan,nan,nan,nan,nan,nan,nan,nan,nan,nan,0.0,0.0,0.0,0.0,0.0,0.0,nan,nan,nan,nan,nan,nan,nan,nan,nan,nan,nan,nan,-27.6586075832,-19.7922686447,-5.38668545637,-0.000740521471577,-0.000178744557603,6.59176846204e-05
0.05,0.05,0.05,0.015,-0.025,0.045,-0.58778508449,0.809017116291,-4.95380071207e-17,-3.59915051735e-17,0.0694418331678,0.00175547447909,0.0905635008341,0.954965542887,-0.215258562419,0.171635384039,0.110661005552,0.137771747099,0.145337254116,0.695579603954,0.709477588157,0.704143998014,0.709517732509,0.712486054557,0.284599674086,0.709128390747,0.718834149459,0.285327413688,0.717819321608,0.708493712563,0.714044176546,-0.026270999059,0.596977793467,0.349374379649,0.626736979008,0.495737426099,4.68421229947e-05,0.641684571801,0.200809067845,0.533889415288,0.51452265166,0.642370518109,0.671374733374,0.734039596888,0.722420260292,1.14693707795,-7.11182224222e-11,0.093336361636,0.470495664275,0.497859919377,nan,nan,nan,nan,nan,nan,nan,nan,nan,nan,nan,nan,nan,nan,nan,nan,nan,nan,nan,nan,nan,nan,nan,nan,nan,nan,nan,nan,nan,nan,nan,nan,nan,nan,nan,nan,nan,nan,nan,nan,nan,nan,nan,nan,nan,nan,nan,nan,nan,nan,nan,nan,nan,nan,nan,nan,nan,-0.0126431486391,-0.0250243189862,-0.0175201269048,nan,nan,nan,nan,nan,nan,nan,nan,nan,nan,nan,nan,nan,nan,nan,nan,nan,nan,nan,nan,nan,nan,nan,nan,nan,nan,nan,nan,nan,nan,nan,nan,nan,nan,nan,nan,nan,nan,nan,nan,nan,nan,nan,nan,nan,nan,nan,nan,nan,nan,nan,nan,nan,nan,nan,nan,nan,nan,nan,nan,nan,nan,nan,nan,nan,nan,nan,nan,nan,nan,nan,nan,nan,nan,nan,nan,nan,nan,nan,nan,nan,nan,nan,nan,nan,nan,nan,nan,nan,nan,nan,nan,nan,nan,nan,nan,nan,nan,nan,nan,nan,nan,nan,nan,nan,nan,nan,nan,nan,nan,nan,nan,nan,nan,1.26685738007,-2.50863717984,0.307633403344,-1.73768649482e-17,-1.51311637032e-18,5.92203233459e-17
0.05,0.05,0.05,0.015,-0.015,0.045,6.12323e-17,1.0,-6.12323e-17,3.7494e-33,0.0440579681385,0.0240929828038,0.118355863654,0.323795361405,-0.580461135199,-0.476474341627,0.575494253861,0.0581588974441,0.000317255797419,0.243912725457,0.433290165321,0.285157338693,0.48610873601,0.532105366216,0.299607605222,0.755164502449,0.75718571222,0.303406515884,0.754652209727,0.754434661456,0.752435351423,0.370674586964,0.512409019386,0.0753044607489,0.541476906693,0.251977764287,0.12010575353,0.524361779728,0.0697377860813,0.473833581427,0.654298898574,0.60593312927,0.784862213234,0.784765162124,0.785289116926,0.918278785008,-2.65557353885e-10,0.112797277583,0.519369589822,0.556847904267,nan,nan,nan,nan,nan,nan,nan,nan,nan,nan,nan,nan,nan,nan,nan,nan,nan,nan,nan,nan,nan,nan,nan,nan,nan,nan,nan,nan,nan,nan,nan,nan,nan,nan,nan,nan,0.0249876982719,0.0186093855482,-0.0132967491597,nan,nan,nan,nan,nan,nan,nan,nan,nan,0.0249709175545,-0.02284302205,0.0111445291138,-0.0244077104472,-0.0240990997099,0.0226972937909,nan,nan,nan,-0.0249518439446,-0.00207661256934,-0.0161444195228,nan,nan,nan,nan,nan,nan,nan,nan,nan,nan,nan,nan,nan,nan,nan,nan,nan,nan,nan,nan,nan,nan,nan,nan,nan,nan,nan,nan,nan,nan,nan,nan,nan,nan,nan,nan,nan,nan,nan,nan,nan,nan,nan,nan,nan,nan,nan,nan,nan,nan,nan,nan,nan,nan,nan,nan,nan,nan,nan,nan,nan,nan,nan,nan,nan,nan,nan,nan,nan,nan,nan,nan,20.8740874508,5.77349832694,-7.60640193999,0.000125004755075,8.52707750999e-06,1.78482743188e-05,nan,nan,nan,nan,nan,nan,nan,nan,nan,nan,nan,nan,nan,nan,nan,nan,nan,nan,1.2675045134,1.17888129499,1.8413874533,1.75642855573e-17,-2.73071757556e-17,5.3921880931e-18,-2.65236254839,-2.22071619776,0.272464106842,6.22945209669e-17,-7.56248966547e-17,-9.96013237841e-18,nan,nan,nan,nan,nan,nan,-20.7892772818,-3.77605337811,0.257867147629,0.000509867950038,-7.91521840279e-06,-0.000116281444508
0.05,0.05,0.05,0.015,-0.015,0.045,-0.58778508449,0.809017116291,-4.95380071207e-17,-3.59915051735e-17,0.0527562905937,0.00902719907911,0.0919935831639,0.821857540695,-0.236715349679,-0.517847910902,0.0186967163967,0.140149582161,0.149444183797,0.706879287579,0.739502476418,0.724145206481,0.741377039152,0.736820242539,0.293770079766,0.740395408066,0.739151264075,0.296892841142,0.738325159558,0.740432930574,0.736158678436,-0.0299209101927,0.548526946028,0.225555325484,0.591056912015,0.412521956953,-2.82529555307e-10,0.614533967572,0.298195693614,0.353472640639,0.273078065412,0.513611035098,0.525222444641,0.714831458576,0.719104056521,1.08121910369,0.0872071893199,0.105449851586,0.346473463479,0.58541220236,nan,nan,nan,nan,nan,nan,nan,nan,nan,nan,nan,nan,nan,nan,nan,nan,nan,nan,nan,nan,nan,nan,nan,nan,nan,nan,nan,nan,nan,nan,nan,nan,nan,nan,nan,nan,-0.0247066470118,0.0101335199762,-0.0236760531554,nan,nan,nan,nan,nan,nan,nan,nan,nan,-0.0199909485026,0.02499500719,-0.00773512092291,nan,nan,nan,-0.010702130048,-0.0250003692282,0.0225286989561,-0.0146339418608,-0.0249961777114,-0.00832512116549,nan,nan,nan,nan,nan,nan,nan,nan,nan,nan,nan,nan,nan,nan,nan,nan,nan,nan,nan,nan,nan,nan,nan,nan,nan,nan,nan,nan,nan,nan,nan,nan,nan,nan,nan,nan,nan,nan,nan,nan,nan,nan,nan,nan,nan,nan,nan,nan,nan,nan,nan,nan,nan,nan,nan,nan,nan,nan,nan,nan,nan,nan,nan,nan,nan,nan,nan,nan,nan,nan,nan,nan,-6.24749678354,0.416653655866,-4.44567526404,5.21576265444e-17,1.89190964509e-16,-5.55657987555e-17,nan,nan,nan,nan,nan,nan,nan,nan,nan,nan,nan,nan,nan,nan,nan,nan,nan,nan,3.87311417169,24.648685486,-4.37483958918,0.0,0.0,0.0,nan,nan,nan,nan,nan,nan,-0.00115319022248,-8.03505934334,0.0809414162237,0.0,0.0,0.0,3.70065845852,-18.7688585155,5.52444153595,-2.94058250575e-17,6.05324032909e-18,4.02634954281e-17
0.05,0.05,0.05,0.015,-0.005,0.045,-0.58778508449,0.809017116291,-4.95380071207e-17,-3.59915051735e-17,0.0703245666784,0.0143911734184,0.106429770828,0.939529688918,-0.147092611262,-0.125169524344,0.282807916312,0.117067376593,0.146219391311,0.666782474991,0.726348678294,0.693669511867,0.732220946244,0.727874072262,0.292468376742,0.734852724517,0.737788212024,0.295806617643,0.736762070959,0.734167773967,0.734273804608,0.25196574775,0.483956530666,0.116435785036,0.555114011879,0.371300609608,0.112848371313,0.62773577956,0.122167023734,0.425141362744,0.584926199849,0.572988178022,0.660783393698,0.732251692381,0.720062408286,1.07390745077,-4.45216308265e-10,0.0024004952982,0.444917022996,0.368425316111,nan,nan,nan,nan,nan,nan,nan,nan,nan,nan,nan,nan,nan,nan,nan,nan,nan,nan,nan,nan,nan,nan,nan,nan,nan,nan,nan,nan,nan,nan,nan,nan,nan,nan,nan,nan,-0.0131312619795,0.0249741380147,-0.0187927479491,nan,nan,nan,nan,nan,nan,nan,nan,nan,nan,nan,nan,nan,nan,nan,nan,nan,nan,-0.0152729918512,-0.0250240043277,-0.012981195183,nan,nan,nan,nan,nan,nan,nan,nan,nan,nan,nan,nan,nan,nan,nan,nan,nan,nan,nan,nan,nan,nan,nan,nan,nan,nan,nan,nan,nan,nan,nan,nan,nan,nan,nan,nan,nan,nan,nan,nan,nan,nan,nan,nan,nan,nan,nan,nan,nan,nan,nan,nan,nan,nan,nan,nan,nan,nan,nan,nan,nan,nan,nan,nan,nan,nan,nan,nan,nan,nan,nan,nan,2.89941367424,16.2945729082,-1.74068099109,-3.06911833665e-17,6.62801078879e-18,1.09234077928e-17,nan,nan,nan,nan,nan,nan,nan,nan,nan,nan,nan,nan,nan,nan,nan,nan,nan,nan,nan,nan,nan,nan,nan,nan,nan,nan,nan,nan,nan,nan,nan,nan,nan,nan,nan,nan,1.52123797431,-17.3956072874,0.392538998393,-1.95399655737e-16,-2.59817645189e-17,-3.94149871525e-16
0.05,0.05,0.05,0.015,0.005,0.045,-0.58778508449,0.809017116291,-4.95380071207e-17,-3.59915051735e-17,0.0448250932629,0.0249517497291,0.117150561253,0.644704145052,-0.158488266553,-0.741582901136,0.0963993540407,0.0249516556862,-4.55828015333e-08,0.246078362473,0.395890385216,0.339231120948,0.485349767799,0.608931212281,0.302499520774,0.765155953546,0.759994077869,0.306581674825,0.76075187127,0.765073826657,0.756645026332,0.337813782295,0.530251586001,0.0923399467503,0.552735873572,0.262880992959,0.104864229575,0.525440390387,0.0748942566708,0.415542819764,0.411404850794,0.522329035932,0.563334556026,0.731452698089,0.731078369917,0.843335812478,0.0474058380416,0.116648756754,0.429870548749,0.599814221456,nan,nan,nan,nan,nan,nan,nan,nan,nan,nan,nan,nan,-0.0249983619401,0.011755194348,0.00944279375807,nan,nan,nan,nan,nan,nan,nan,nan,nan,nan,nan,nan,nan,nan,nan,nan,nan,nan,nan,nan,nan,-0.0174314723881,0.0249962348104,-0.0114484053392,nan,nan,nan,nan,nan,nan,nan,nan,nan,0.0183534971389,0.024989892703,0.00395630323219,0.0235228456247,-0.0246668535959,0.0229287605042,nan,nan,nan,-0.00139882707979,-0.0249482577317,-0.0151997771082,nan,nan,nan,nan,nan,nan,nan,nan,nan,nan,nan,nan,nan,nan,nan,nan,nan,nan,nan,nan,nan,nan,nan,nan,-19.8864409296,-0.132037098051,-2.99495550415,9.15284163052e-19,3.20317822111e-16,-2.01991582339e-17,nan,nan,nan,nan,nan,nan,nan,nan,nan,nan,nan,nan,nan,nan,nan,nan,nan,nan,nan,nan,nan,nan,nan,nan,nan,nan,nan,nan,nan,nan,nan,nan,nan,nan,nan,nan,nan,nan,nan,nan,nan,nan,-1.57329132828,15.7328502463,-7.53674552719,2.141190831e-06,0.0001531889888,-4.49180273467e-07,nan,nan,nan,nan,nan,nan,nan,nan,nan,nan,nan,nan,nan,nan,nan,nan,nan,nan,10.2015750683,56.0166316055,-4.96992528104,-1.54264012795e-15,3.00116468677e-16,2.16130934616e-16,27.3693292755,-41.5886982726,17.0856213721,0.00153318856291,-0.00274726692015,0.00025956890425,nan,nan,nan,nan,nan,nan,-15.738073291,-29.8597361138,-7.37758994623,0.000232153134185,0.00445692613501,-3.92021922807e-05
0.05,0.05,0.05,0.015,0.015,0.045,0.951056560832,-0.309016857306,-1.89218296602e-17,5.82353731087e-17,0.0471692103049,0.0261014610536,0.119534430679,-0.651730718955,-0.277958268118,0.577641943995,0.405359168753,-0.102901753022,-0.000572317869111,0.233281238912,0.403650559635,0.281650630749,0.484915766665,0.531285774411,0.295367932118,0.741176399923,0.745513429432,0.298123303654,0.744601063652,0.740674131597,0.744136816832,0.292966115652,0.512049668682,0.108989691116,0.544273863263,0.295574795282,0.0797188043585,0.556779558024,0.115472236047,0.44229999424,0.593343794954,0.576511759937,0.744398742903,0.755323671357,0.750161165813,0.969960946528,-2.48155960669e-06,0.0951451025529,0.47655569456,0.504574502631,nan,nan,nan,nan,nan,nan,nan,nan,nan,nan,nan,nan,-0.0149174556296,-0.0249961685471,0.00742888126287,nan,nan,nan,nan,nan,nan,nan,nan,nan,nan,nan,nan,nan,nan,nan,nan,nan,nan,nan,nan,nan,-0.024969865151,-0.00872502454805,-0.0135627779507,nan,nan,nan,nan,nan,nan,nan,nan,nan,-0.0247117370956,0.0235230482847,0.00724259836125,0.0246960888789,0.0231083164968,0.0235301189866,nan,nan,nan,0.0249983461238,0.00115497165583,-0.0129696582668,nan,nan,nan,nan,nan,nan,nan,nan,nan,nan,nan,nan,nan,nan,nan,nan,nan,nan,nan,nan,nan,nan,nan,nan,3.11774813902,-5.7967459893,-2.15814117266,-1.49029086184e-16,-7.3086488165e-17,-1.89845546191e-17,nan,nan,nan,nan,nan,nan,nan,nan,nan,nan,nan,nan,nan,nan,nan,nan,nan,nan,nan,nan,nan,nan,nan,nan,nan,nan,nan,nan,nan,nan,nan,nan,nan,nan,nan,nan,nan,nan,nan,nan,nan,nan,-15.1606908159,-7.9780432152,-6.99373763113,-3.83465565668e-05,-9.33554288479e-06,1.06566630996e-05,nan,nan,nan,nan,nan,nan,nan,nan,nan,nan,nan,nan,nan,nan,nan,nan,nan,nan,-47.1652294008,13.8615668951,-5.24096780952,-0.000589135567511,0.000285810307429,-1.59088452588e-05,38.5490660952,10.7652560445,17.8772189681,7.81390689462e-17,-4.29265887516e-16,9.00010823681e-17,nan,nan,nan,nan,nan,nan,21.6607003358,-10.5295286446,-8.64039873623,0.0,0.0,0.0
0.05,0.05,0.05,0.015,0.015,0.045,-0.58778508449,0.809017116291,-4.95380071207e-17,-3.59915051735e-17,0.0515828504272,0.0235812801135,0.113336045564,0.705064629953,-0.358411110975,-0.599990838151,0.120151309827,0.115672040749,-4.60897362053e-07,0.211913879497,0.34465222836,0.39544066507,0.502722654536,0.638000467366,0.295450897756,0.750303922887,0.744087383175,0.301275774992,0.74234790989,0.750381767093,0.741422650862,0.271947408745,0.489927465442,0.0959502337936,0.558322513257,0.330169999883,0.101397366212,0.58853164926,0.108671255848,0.450927883289,0.695197782019,0.603686345599,0.766865904074,0.758956256783,0.736065609371,1.15479012279,-1.12737996716e-09,-4.64638105768e-10,0.435541165726,0.34926635557,nan,nan,nan,nan,nan,nan,nan,nan,nan,nan,nan,nan,-0.024348349172,0.0241801643438,0.00104474396126,nan,nan,nan,nan,nan,nan,nan,nan,nan,nan,nan,nan,nan,nan,nan,nan,nan,nan,nan,nan,nan,-0.00978696005234,0.0249840384124,-0.0197916559992,nan,nan,nan,nan,nan,nan,nan,nan,nan,0.0218651861741,0.0249693738248,0.0138051174525,nan,nan,nan,nan,nan,nan,-0.00403295497561,-0.0249981263739,-0.0070110172204,nan,nan,nan,nan,nan,nan,nan,nan,nan,nan,nan,nan,nan,nan,nan,nan,nan,nan,nan,nan,nan,nan,nan,nan,0.0,0.0,0.0,0.0,0.0,0.0,nan,nan,nan,nan,nan,nan,nan,nan,nan,nan,nan,nan,nan,nan,nan,nan,nan,nan,nan,nan,nan,nan,nan,nan,nan,nan,nan,nan,nan,nan,nan,nan,nan,nan,nan,nan,nan,nan,nan,nan,nan,nan,3.31558126883,13.1147761283,1.77661684553,1.08340647591e-16,-2.84912466856e-17,8.13011546628e-18,nan,nan,nan,nan,nan,nan,nan,nan,nan,nan,nan,nan,nan,nan,nan,nan,nan,nan,9.45315469097,28.9293208111,2.01641914183,0.0,0.0,0.0,nan,nan,nan,nan,nan,nan,nan,nan,nan,nan,nan,nan,-11.8144026121,-43.2749768571,-8.3631313117,-1.38061415069e-16,5.46648990471e-17,-8.78270435986e-17
0.05,0.05,0.05,0.015,0.025,0.045,0.951056560832,0.309016857306,1.89218296602e-17,5.82353731087e-17,0.138991868523,0.00555768903553,0.0742732600173,-0.253970440066,-0.63643225295,0.311980225306,0.658119549926,nan,nan,nan,nan,nan,nan,nan,nan,nan,nan,nan,nan,nan,nan,nan,nan,nan,nan,nan,nan,nan,nan,nan,nan,nan,nan,nan,nan,nan,nan,nan,nan,nan,nan,nan,nan,nan,nan,nan,nan,nan,nan,nan,nan,nan,nan,nan,nan,nan,nan,nan,nan,nan,nan,nan,nan,nan,nan,nan,nan,nan,nan,nan,nan,nan,nan,nan,nan,nan,nan,nan,nan,nan,nan,nan,nan,nan,nan,nan,nan,nan,nan,nan,nan,nan,nan,nan,nan,nan,nan,nan,nan,nan,nan,nan,nan,nan,nan,nan,nan,nan,nan,nan,nan,nan,nan,nan,nan,nan,nan,nan,nan,nan,nan,nan,nan,nan,nan,nan,nan,nan,nan,nan,nan,nan,nan,nan,nan,nan,nan,nan,nan,nan,nan,nan,nan,nan,nan,nan,nan,nan,nan,nan,nan,nan,nan,nan,nan,nan,nan,nan,nan,nan,nan,nan,nan,nan,nan,nan,nan,nan,nan,nan,nan,nan,nan,nan,nan,nan,nan,nan,nan,nan,nan,nan,nan,nan,nan,nan,nan,nan,nan,nan,nan,nan,nan,nan,nan,nan,nan,nan,nan,nan,nan,nan,nan,nan,nan,nan,nan,nan,nan,nan,nan,nan,nan,nan,nan,nan,nan,nan,nan,nan
0.05,0.05,0.05,0.025,-0.025,0.045,6.12323e-17,1.0,-6.12323e-17,3.7494e-33,0.152744018596,0.00043838598336,0.143348827914,0.160556711625,0.650872736749,0.700744051039,0.24401638847,nan,nan,nan,nan,nan,nan,nan,nan,nan,nan,nan,nan,nan,nan,nan,nan,nan,nan,nan,nan,nan,nan,nan,nan,nan,nan,nan,nan,nan,nan,nan,nan,nan,nan,nan,nan,nan,nan,nan,nan,nan,nan,nan,nan,nan,nan,nan,nan,nan,nan,nan,nan,nan,nan,nan,nan,nan,nan,nan,nan,nan,nan,nan,nan,nan,nan,nan,nan,nan,nan,nan,nan,nan,nan,nan,nan,nan,nan,nan,nan,nan,nan,nan,nan,nan,nan,nan,nan,nan,nan,nan,nan,nan,nan,nan,nan,nan,nan,nan,nan,nan,nan,nan,nan,nan,nan,nan,nan,nan,nan,nan,nan,nan,nan,nan,nan,nan,nan,nan,nan,nan,nan,nan,nan,nan,nan,nan,nan,nan,nan,nan,nan,nan,nan,nan,nan,nan,nan,nan,nan,nan,nan,nan,nan,nan,nan,nan,nan,nan,nan,nan,nan,nan,nan,nan,nan,nan,nan,nan,nan,nan,nan,nan,nan,nan,nan,nan,nan,nan,nan,nan,nan,nan,nan,nan,nan,nan,nan,nan,nan,nan,nan,nan,nan,nan,nan,nan,nan,nan,nan,nan,nan,nan,nan,nan,nan,nan,nan,nan,nan,nan,nan,nan,nan,nan,nan,nan,nan,nan,nan,nan,nan,nan
0.05,0.05,0.05,0.025,-0.025,0.045,-0.58778508449,0.809017116291,-4.95380071207e-17,-3.59915051735e-17,0.0554984145811,0.00146550170109,0.0951834724115,0.840093862264,-0.272311868661,-0.461590178158,0.0838036765371,0.128957097264,0.141812248569,0.667588378801,0.716036959816,0.68653568188,0.719697431632,0.712415914079,0.270528177483,0.723914779951,0.717524675863,0.28992759392,0.707013636898,0.722785653998,0.709466324692,-0.0760494704478,0.524561118644,0.208910759742,0.578198885056,0.412914443103,-4.34166480545e-10,0.621667352491,0.381413047452,0.327282349795,0.218533350079,0.477699736798,0.427714647937,0.660264869845,0.63751557148,1.28262506907,0.078433060103,0.0610813652019,0.339321302861,0.501785820618,nan,nan,nan,nan,nan,nan,nan,nan,nan,nan,nan,nan,nan,nan,nan,nan,nan,nan,nan,nan,nan,nan,nan,nan,nan,nan,nan,nan,nan,nan,nan,nan,nan,nan,nan,nan,-0.0249798943712,0.0103604810571,-0.0228220492773,nan,nan,nan,nan,nan,nan,nan,nan,nan,-0.0173431284155,0.0249950764004,-0.0152128334995,nan,nan,nan,nan,nan,nan,-0.00960556380699,-0.0250002846859,-0.00893000680245,nan,nan,nan,nan,nan,nan,nan,nan,nan,nan,nan,nan,nan,nan,nan,nan,nan,nan,nan,nan,nan,nan,nan,nan,nan,nan,nan,nan,nan,nan,nan,nan,nan,nan,nan,nan,nan,nan,nan,nan,nan,nan,nan,nan,nan,nan,nan,nan,nan,nan,nan,nan,nan,nan,nan,nan,nan,nan,nan,nan,nan,nan,nan,nan,nan,nan,nan,nan,nan,nan,nan,nan,-11.221217171,0.00156759913811,-1.45389132776,2.83099836004e-19,-1.43040089389e-17,-2.20040358717e-18,nan,nan,nan,nan,nan,nan,nan,nan,nan,nan,nan,nan,nan,nan,nan,nan,nan,nan,6.60334501763,17.9554906163,-3.12733810932,7.376324519e-18,-3.30283122795e-18,-3.38803768231e-18,nan,nan,nan,nan,nan,nan,nan,nan,nan,nan,nan,nan,6.78684001693,-19.9606506226,0.531723498169,2.72354639354e-16,9.86382792085e-17,2.26540419134e-16
0.05,0.05,0.05,0.025,-0.015,0.045,6.12323e-17,1.0,-6.12323e-17,3.7494e-33,0.0446091040581,0.0248690124598,0.119394957347,0.31557695728,-0.59283776809,-0.474387308649,0.569132011183,0.0604283854121,9.01943115039e-06,0.223795637372,0.410486213119,0.295823897663,0.472072013536,0.540730036403,0.298576135204,0.75267111216,0.751607148353,0.302007638457,0.750883408947,0.752363818231,0.747643129459,0.353178685014,0.506554418332,0.072691308703,0.541449785742,0.264158423403,0.115625474184,0.542042309179,0.132090476365,0.467281442262,0.720383354497,0.613034671434,0.785380727069,0.776178843133,0.733961932517,0.958793255896,-4.70860683777e-10,0.0464865212043,0.560673194529,0.529181834444,nan,nan,nan,nan,nan,nan,nan,nan,nan,nan,nan,nan,0.013685452127,0.0250052569709,0.00724858562692,nan,nan,nan,nan,nan,nan,nan,nan,nan,nan,nan,nan,nan,nan,nan,nan,nan,nan,nan,nan,nan,0.0249669412649,0.0167585695833,-0.0134826059434,nan,nan,nan,nan,nan,nan,nan,nan,nan,0.0249820719163,-0.0205996254445,0.00455757034129,-0.0243230631028,-0.0241668901716,0.0225552868844,nan,nan,nan,-0.0249566147724,-0.00424361928288,-0.0165552436665,nan,nan,nan,nan,nan,nan,nan,nan,nan,nan,nan,nan,nan,nan,nan,nan,nan,nan,nan,nan,nan,nan,nan,nan,-0.00179632596908,34.02750839,0.00264493521956,-6.84302555958e-16,-4.28196862698e-20,8.61332179859e-17,nan,nan,nan,nan,nan,nan,nan,nan,nan,nan,nan,nan,nan,nan,nan,nan,nan,nan,nan,nan,nan,nan,nan,nan,nan,nan,nan,nan,nan,nan,nan,nan,nan,nan,nan,nan,nan,nan,nan,nan,nan,nan,19.1458964029,-3.23299594143,-4.56226766672,-0.000310357126061,-2.65571713891e-05,1.88216586704e-05,nan,nan,nan,nan,nan,nan,nan,nan,nan,nan,nan,nan,nan,nan,nan,nan,nan,nan,25.1344088744,-3.90651234561,-0.000818306738528,6.62092847975e-19,4.2688391649e-18,-4.27230323215e-17,-25.231928873,-23.099655313,0.755459599392,-1.21312320977e-15,1.34412387709e-15,5.81579367212e-16,nan,nan,nan,nan,nan,nan,-19.892614753,-0.00105017085597,0.000407246074705,2.51205220536e-18,1.39918473265e-16,-3.85523380084e-17
0.05,0.05,0.05,0.025,-0.015,0.045,-0.58778508449,0.809017116291,-4.95380071207e-17,-3.59915051735e-17,0.0542370478889,0.00884543518057,0.094681443809,0.814162203031,-0.236634214027,-0.52907686427,0.0349546506414,0.10866973698,0.0847444219145,0.533102856428,0.64060388623,0.603283123433,0.691216132062,0.698159090857,0.294706927638,0.73648232265,0.739954927024,0.294748071339,0.739843326994,0.737643232856,0.737837913348,-0.0534074375953,0.544400776131,0.20075582918,0.588942889623,0.392605376708,-3.03729486006e-10,0.614324051178,0.348168075495,0.358557626603,0.28638119359,0.514389449077,0.511997790074,0.708102953929,0.704378865215,1.12250922851,0.104299275947,0.0528883215715,0.334843569228,0.54447728662,nan,nan,nan,nan,nan,nan,nan,nan,nan,nan,nan,nan,-0.0250133123099,0.000473713140756,0.0117787834009,nan,nan,nan,nan,nan,nan,nan,nan,nan,nan,nan,nan,nan,nan,nan,nan,nan,nan,nan,nan,nan,nan,nan,nan,nan,nan,nan,nan,nan,nan,nan,nan,nan,-0.015622603568,0.0249984187753,-0.00447791325805,nan,nan,nan,-0.00826889842563,-0.0249883020829,0.0227710862342,-0.011687979368,-0.0249973755143,-0.00781235134444,nan,nan,nan,nan,nan,nan,nan,nan,nan,nan,nan,nan,nan,nan,nan,nan,nan,nan,nan,nan,nan,nan,nan,nan,-4.4408920428e-13,4.81949081093e-17,5.12534531962e-17,0.0,0.0,0.0,nan,nan,nan,nan,nan,nan,nan,nan,nan,nan,nan,nan,nan,nan,nan,nan,nan,nan,nan,nan,nan,nan,nan,nan,nan,nan,nan,nan,nan,nan,nan,nan,nan,nan,nan,nan,nan,nan,nan,nan,nan,nan,nan,nan,nan,nan,nan,nan,nan,nan,nan,nan,nan,nan,nan,nan,nan,nan,nan,nan,nan,nan,nan,nan,nan,nan,0.0014972826976,13.7955871593,0.000976057095726,1.52820511246e-17,-2.1341392728e-21,6.72107568701e-18,nan,nan,nan,nan,nan,nan,0.0,0.0,0.0,0.0,0.0,0.0,-0.001681679189,-15.4945701727,-0.00109626252133,3.44767748621e-16,-4.74969218576e-20,1.42443655398e-16
0.05,0.05,0.05,0.025,-0.005,0.045,-0.58778508449,0.809017116291,-4.95380071207e-17,-3.59915051735e-17,0.0481747405437,0.0264976747769,0.1197796113,0.66649379883,-0.334428239957,-0.654868057686,0.12284785494,-0.179374168673,0.000160567653656,0.248343633001,0.374951248788,0.275719064589,0.48172342023,0.551305144828,0.296174597896,0.745281705314,0.741839346307,0.298296334872,0.742374908708,0.746232081858,0.742378030716,0.315692841067,0.478578385433,0.0775470876377,0.552037490487,0.329102274737,0.135726350308,0.613379649176,0.113523244063,0.474077249523,0.757265635024,0.610575605651,0.753686160846,0.750070523131,0.743615779726,1.09695194377,-6.28187279972e-10,7.1588194599e-06,0.537945087015,0.431602881689,nan,nan,nan,nan,nan,nan,nan,nan,nan,nan,nan,nan,-0.0250007856175,0.0166498261869,0.00589978462287,nan,nan,nan,nan,nan,nan,nan,nan,nan,nan,nan,nan,nan,nan,nan,nan,nan,nan,nan,nan,nan,-0.00540515277394,0.0249895315457,-0.0190610513991,nan,nan,nan,nan,nan,nan,nan,nan,nan,0.0247718031287,0.023527787161,0.00452042836889,nan,nan,nan,nan,nan,nan,-0.00035465763086,-0.0249978931575,-0.00998912320295,nan,nan,nan,nan,nan,nan,nan,nan,nan,nan,nan,nan,nan,nan,nan,nan,nan,nan,nan,nan,nan,nan,nan,nan,-31.3132397337,-16.6659386373,-9.12579165578,-5.76970946278e-18,5.7343173656e-19,1.87503204019e-17,nan,nan,nan,nan,nan,nan,nan,nan,nan,nan,nan,nan,nan,nan,nan,nan,nan,nan,nan,nan,nan,nan,nan,nan,nan,nan,nan,nan,nan,nan,nan,nan,nan,nan,nan,nan,nan,nan,nan,nan,nan,nan,6.66143704077,14.7187307041,5.61076286833,3.12266377972e-17,-1.62675257773e-17,5.60049501201e-18,nan,nan,nan,nan,nan,nan,nan,nan,nan,nan,nan,nan,nan,nan,nan,nan,nan,nan,35.7958434503,22.9256921533,-3.97183941135,0.000873420649632,0.000392135610625,-1.01408213957e-05,nan,nan,nan,nan,nan,nan,nan,nan,nan,nan,nan,nan,-11.6432783921,-22.7125258338,2.08390376573,-1.04216403629e-15,5.28642389445e-16,-6.11362577024e-17
0.05,0.05,0.05,0.025,0.005,0.045,0.951056560832,-0.309016857306,-1.89218296602e-17,5.82353731087e-17,0.153020188142,-0.00785689371418,0.102980871266,0.833300670989,0.454377026064,0.199227831015,0.243843764045,nan,nan,nan,nan,nan,nan,nan,nan,nan,nan,nan,nan,nan,nan,nan,nan,nan,nan,nan,nan,nan,nan,nan,nan,nan,nan,nan,nan,nan,nan,nan,nan,nan,nan,nan,nan,nan,nan,nan,nan,nan,nan,nan,nan,nan,nan,nan,nan,nan,nan,nan,nan,nan,nan,nan,nan,nan,nan,nan,nan,nan,nan,nan,nan,nan,nan,nan,nan,nan,nan,nan,nan,nan,nan,nan,nan,nan,nan,nan,nan,nan,nan,nan,nan,nan,nan,nan,nan,nan,nan,nan,nan,nan,nan,nan,nan,nan,nan,nan,nan,nan,nan,nan,nan,nan,nan,nan,nan,nan,nan,nan,nan,nan,nan,nan,nan,nan,nan,nan,nan,nan,nan,nan,nan,nan,nan,nan,nan,nan,nan,nan,nan,nan,nan,nan,nan,nan,nan,nan,nan,nan,nan,nan,nan,nan,nan,nan,nan,nan,nan,nan,nan,nan,nan,nan,nan,nan,nan,nan,nan,nan,nan,nan,nan,nan,nan,nan,nan,nan,nan,nan,nan,nan,nan,nan,nan,nan,nan,nan,nan,nan,nan,nan,nan,nan,nan,nan,nan,nan,nan,nan,nan,nan,nan,nan,nan,nan,nan,nan,nan,nan,nan,nan,nan,nan,nan,nan,nan,nan,nan,nan,nan,nan
0.05,0.05,0.05,0.025,0.005,0.045,-0.58778508449,0.809017116291,-4.95380071207e-17,-3.59915051735e-17,0.0514937954055,0.0224134996581,0.1130912928,0.760853723553,-0.302035290247,-0.559192129543,0.131074242546,-0.07410566025,0.000575150558729,0.263160248282,0.420599121478,0.407675329839,0.554412111122,0.616235593157,0.295598208883,0.748180428868,0.745190577859,0.300919041496,0.743544495702,0.747583446006,0.741510753227,0.342469038327,0.477767363999,0.0834537261091,0.551811538418,0.329752701653,0.184060343742,0.595349666495,0.0731510487836,0.456185288113,0.715155112329,0.597744469525,0.748346434285,0.752190674305,0.743372728738,1.12830667911,-7.40874916971e-10,-1.70532921118e-10,0.472665254237,0.385241549898,nan,nan,nan,nan,nan,nan,nan,nan,nan,nan,nan,nan,-0.0250329972669,0.015285954166,0.000582395232809,nan,nan,nan,nan,nan,nan,nan,nan,nan,nan,nan,nan,nan,nan,nan,nan,nan,nan,nan,nan,nan,-0.00924710065261,0.0249670960349,-0.0187083335568,nan,nan,nan,nan,nan,nan,nan,nan,nan,0.0180132814635,0.0249720857773,0.0226755416601,nan,nan,nan,nan,nan,nan,-0.00237760789678,-0.0249988555327,-0.00721787691469,nan,nan,nan,nan,nan,nan,nan,nan,nan,nan,nan,nan,nan,nan,nan,nan,nan,nan,nan,nan,nan,nan,nan,nan,-4.94890195909,0.46074086217,-0.937478007219,-1.61619010764e-17,-1.06238526687e-16,3.31050256988e-17,nan,nan,nan,nan,nan,nan,nan,nan,nan,nan,nan,nan,nan,nan,nan,nan,nan,nan,nan,nan,nan,nan,nan,nan,nan,nan,nan,nan,nan,nan,nan,nan,nan,nan,nan,nan,nan,nan,nan,nan,nan,nan,-0.00322892746432,17.3307806157,0.000919713569748,-4.16815990184e-16,-7.45450787732e-20,-5.86532523275e-17,nan,nan,nan,nan,nan,nan,nan,nan,nan,nan,nan,nan,nan,nan,nan,nan,nan,nan,1.59320742913,3.58061010585,-0.868106496293,-1.02656671395e-16,4.08270988273e-17,-2.00061270556e-17,nan,nan,nan,nan,nan,nan,nan,nan,nan,nan,nan,nan,2.14604412255,-23.4325236879,-1.65892964698,1.19502129374e-15,9.30168445681e-17,2.32285409671e-16
0.05,0.05,0.05,0.025,0.015,0.045,0.951056560832,-0.309016857306,-1.89218296602e-17,5.82353731087e-17,0.0603460824231,0.00763542561918,0.0880797393368,-0.720366784729,-0.394580765177,0.34520641887,0.454103780631,0.123549281786,0.132257161531,0.638110803626,0.691696348985,0.682110168794,0.71369697577,0.721232001363,0.289513868072,0.72299779541,0.732034974192,0.291459014383,0.73052203627,0.722267213568,0.727711915981,0.0115511044381,0.584864219515,0.323417036747,0.626185301857,0.488682266743,-8.71107630473e-11,0.648208123305,0.135009394058,0.461793010666,0.414383963091,0.598793172446,0.623093325835,0.733950076668,0.740248604603,1.03922475623,0.0481064561199,0.132780800507,0.438382538263,0.531618457156,nan,nan,nan,nan,nan,nan,nan,nan,nan,nan,nan,nan,nan,nan,nan,nan,nan,nan,nan,nan,nan,nan,nan,nan,nan,nan,nan,nan,nan,nan,nan,nan,nan,nan,nan,nan,-0.00811715652848,-0.0250227572167,-0.00671510219312,nan,nan,nan,nan,nan,nan,nan,nan,nan,-0.024990574314,-0.0207435525706,0.0117805748925,nan,nan,nan,nan,nan,nan,0.025003059151,-0.0202996725747,0.0045220834516,nan,nan,nan,nan,nan,nan,nan,nan,nan,nan,nan,nan,nan,nan,nan,nan,nan,nan,nan,nan,nan,nan,nan,nan,nan,nan,nan,nan,nan,nan,nan,nan,nan,nan,nan,nan,nan,nan,nan,nan,nan,nan,nan,nan,nan,nan,nan,nan,nan,nan,nan,nan,nan,nan,nan,nan,nan,nan,nan,nan,nan,nan,nan,nan,nan,nan,nan,nan,nan,nan,nan,nan,3.99596558592e-16,-8.88178017399e-13,-7.44950263062e-16,0.0,0.0,0.0,nan,nan,nan,nan,nan,nan,nan,nan,nan,nan,nan,nan,nan,nan,nan,nan,nan,nan,-15.0244072935,-0.00674828382904,-0.0134560623662,-2.54821178904e-19,3.63672623952e-16,1.021376874e-16,nan,nan,nan,nan,nan,nan,nan,nan,nan,nan,nan,nan,17.3908392829,0.840614416215,-6.23206363688,4.28158836371e-18,3.2986197269e-16,5.64415200499e-17
0.05,0.05,0.05,0.025,0.015,0.045,-0.58778508449,0.809017116291,-4.95380071207e-17,-3.59915051735e-17,0.0499776953227,0.0257679152136,0.117938159489,0.60707176395,-0.548664368595,-0.419196994242,0.393325773459,0.288458395399,0.0402830493661,0.224510687298,0.420820496551,0.353805090912,0.50722095049,0.572662972622,0.285679763021,0.708597953779,0.719954099182,0.284352621797,0.719153455466,0.70828878165,0.716215026226,0.141071260644,0.449397282727,0.0748078928315,0.524032044453,0.328154396219,3.52599240188e-05,0.611943533416,0.142793806867,0.441591946114,0.719714580391,0.570447937477,0.719903024086,0.708542398335,0.717723075563,1.52030609858,-0.000384711454462,0.00896160658067,0.505985433373,0.401105477386,nan,nan,nan,nan,nan,nan,nan,nan,nan,nan,nan,nan,0.00605058617303,0.0250047540702,-0.00306870160661,nan,nan,nan,nan,nan,nan,nan,nan,nan,nan,nan,nan,nan,nan,nan,nan,nan,nan,nan,nan,nan,0.0226156677863,0.0249942061589,-0.0151869217898,nan,nan,nan,nan,nan,nan,nan,nan,nan,nan,nan,nan,nan,nan,nan,nan,nan,nan,0.00657767091743,-0.0249549229661,-0.0103807686426,nan,nan,nan,nan,nan,nan,nan,nan,nan,nan,nan,nan,nan,nan,nan,nan,nan,nan,nan,nan,nan,nan,nan,nan,1.12044893701,12.0673935545,-5.790434002,-2.54783304521e-18,1.21370809865e-17,2.48009416893e-17,nan,nan,nan,nan,nan,nan,nan,nan,nan,nan,nan,nan,nan,nan,nan,nan,nan,nan,nan,nan,nan,nan,nan,nan,nan,nan,nan,nan,nan,nan,nan,nan,nan,nan,nan,nan,nan,nan,nan,nan,nan,nan,-1.954854493,3.29986356743,1.84436336065,0.0,0.0,0.0,nan,nan,nan,nan,nan,nan,nan,nan,nan,nan,nan,nan,nan,nan,nan,nan,nan,nan,nan,nan,nan,nan,nan,nan,nan,nan,nan,nan,nan,nan,nan,nan,nan,nan,nan,nan,1.66111050496,-15.5198985939,-1.77614522757,0.0,0.0,0.0
0.05,0.05,0.05,0.025,0.025,0.045,0.951056560832,0.309016857306,1.89218296602e-17,5.82353731087e-17,0.138532375998,0.00225448083453,0.0736934611515,-0.329511515046,-0.632909799733,0.31466038617,0.625968200653,nan,nan,nan,nan,nan,nan,nan,nan,nan,nan,nan,nan,nan,nan,nan,nan,nan,nan,nan,nan,nan,nan,nan,nan,nan,nan,nan,nan,nan,nan,nan,nan,nan,nan,nan,nan,nan,nan,nan,nan,nan,nan,nan,nan,nan,nan,nan,nan,nan,nan,nan,nan,nan,nan,nan,nan,nan,nan,nan,nan,nan,nan,nan,nan,nan,nan,nan,nan,nan,nan,nan,nan,nan,nan,nan,nan,nan,nan,nan,nan,nan,nan,nan,nan,nan,nan,nan,nan,nan,nan,nan,nan,nan,nan,nan,nan,nan,nan,nan,nan,nan,nan,nan,nan,nan,nan,nan,nan,nan,nan,nan,nan,nan,nan,nan,nan,nan,nan,nan,nan,nan,nan,nan,nan,nan,nan,nan,nan,nan,nan,nan,nan,nan,nan,nan,nan,nan,nan,nan,nan,nan,nan,nan,nan,nan,nan,nan,nan,nan,nan,nan,nan,nan,nan,nan,nan,nan,nan,nan,nan,nan,nan,nan,nan,nan,nan,nan,nan,nan,nan,nan,nan,nan,nan,nan,nan,nan,nan,nan,nan,nan,nan,nan,nan,nan,nan,nan,nan,nan,nan,nan,nan,nan,nan,nan,nan,nan,nan,nan,nan,nan,nan,nan,nan,nan,nan,nan,nan,nan,nan,nan,nan,nan
0.05,0.05,0.05,0.025,0.025,0.045,-0.58778508449,0.809017116291,-4.95380071207e-17,-3.59915051735e-17,0.0497299789871,0.0241447666646,0.117562474784,0.554846141866,-0.59170193672,-0.455572011702,0.366727036218,0.269947277294,0.0269449119402,0.240092090752,0.414119076424,0.372619665123,0.500363265282,0.550113840723,0.282714581185,0.702022982592,0.711829283785,0.281618624692,0.710965351922,0.701586373001,0.708526165595,0.100475722572,0.444096844732,0.068398861498,0.518981469985,0.329636477275,0.000346496237364,0.619497975578,0.141360177089,0.432105511955,0.708162678472,0.562554544583,0.709037486535,0.700129963895,0.706479490515,1.57064690259,-3.66734198565e-10,0.0248567583577,0.519257609488,0.427836477702,nan,nan,nan,nan,nan,nan,nan,nan,nan,nan,nan,nan,nan,nan,nan,nan,nan,nan,nan,nan,nan,nan,nan,nan,nan,nan,nan,nan,nan,nan,nan,nan,nan,nan,nan,nan,0.0198957215407,0.0249894318501,-0.018359877393,nan,nan,nan,nan,nan,nan,nan,nan,nan,nan,nan,nan,nan,nan,nan,nan,nan,nan,0.00530108871639,-0.0249287413548,-0.0107216784647,nan,nan,nan,nan,nan,nan,nan,nan,nan,nan,nan,nan,nan,nan,nan,nan,nan,nan,nan,nan,nan,nan,nan,nan,nan,nan,nan,nan,nan,nan,nan,nan,nan,nan,nan,nan,nan,nan,nan,nan,nan,nan,nan,nan,nan,nan,nan,nan,nan,nan,nan,nan,nan,nan,nan,nan,nan,nan,nan,nan,nan,nan,nan,nan,nan,nan,nan,nan,nan,nan,nan,nan,3.93175253662,11.7357046125,-2.4313491574,4.43068952996e-16,-1.43629930737e-16,2.32130539765e-17,nan,nan,nan,nan,nan,nan,nan,nan,nan,nan,nan,nan,nan,nan,nan,nan,nan,nan,nan,nan,nan,nan,nan,nan,nan,nan,nan,nan,nan,nan,nan,nan,nan,nan,nan,nan,-4.68450952197,-13.7878780768,-2.1747738773,3.82807047179e-17,-2.79462833919e-18,-6.47397563567e-17
