0.04,0.04,0.1,0.02,0,0.07,0.951057,-0.309017,-1.89218e-17,5.82354e-17
0.04,0.04,0.1,-0.02,0,0.07,0.309017,0.951057,-5.82354e-17,1.89218e-17
0.04,0.04,0.1,0.008,0.004,0.07,0.951057,-0.309017,-1.89218e-17,5.82354e-17
0.04,0.04,0.1,-0.008,-0.004,0.07,0.309017,0.951057,-5.82354e-17,1.89218e-17
0.04,0.04,0.1,0.012,0.004,0.07,0.951057,-0.309017,-1.89218e-17,5.82354e-17
0.04,0.04,0.1,-0.012,-0.004,0.07,0.309017,0.951057,-5.82354e-17,1.89218e-17
0.04,0.04,0.1,0.016,0.004,0.07,0.951057,-0.309017,-1.89218e-17,5.82354e-17
0.04,0.04,0.1,-0.016,-0.004,0.07,0.309017,0.951057,-5.82354e-17,1.89218e-17
0.04,0.04,0.1,0.02,0.004,0.07,0.951057,-0.309017,-1.89218e-17,5.82354e-17
0.04,0.04,0.1,-0.02,-0.004,0.07,0.309017,0.951057,-5.82354e-17,1.89218e-17
0.04,0.04,0.1,-0.004,0.008,0.07,0.951057,-0.309017,-1.89218e-17,5.82354e-17
0.04,0.04,0.1,-0.008,0.008,0.07,0.951057,-0.309017,-1.89218e-17,5.82354e-17
0.04,0.04,0.1,0,0.008,0.07,0.951057,-0.309017,-1.89218e-17,5.82354e-17
0.04,0.04,0.1,-0.012,0.008,0.07,0.951057,-0.309017,-1.89218e-17,5.82354e-17
0.04,0.04,0.1,0.004,0.008,0.07,0.951057,-0.309017,-1.89218e-17,5.82354e-17
0.04,0.04,0.1,0.004,-0.008,0.07,0.309017,0.951057,-5.82354e-17,1.89218e-17
0.04,0.04,0.1,0,-0.008,0.07,0.309017,0.951057,-5.82354e-17,1.89218e-17
0.04,0.04,0.1,0.008,-0.008,0.07,0.309017,0.951057,-5.82354e-17,1.89218e-17
0.04,0.04,0.1,-0.004,-0.008,0.07,0.309017,0.951057,-5.82354e-17,1.89218e-17
0.04,0.04,0.1,0.012,-0.008,0.07,0.309017,0.951057,-5.82354e-17,1.89218e-17
0.04,0.04,0.1,0.008,0.008,0.07,0.951057,-0.309017,-1.89218e-17,5.82354e-17
0.04,0.04,0.1,-0.008,-0.008,0.07,0.309017,0.951057,-5.82354e-17,1.89218e-17
0.04,0.04,0.1,0.012,0.008,0.07,0.951057,-0.309017,-1.89218e-17,5.82354e-17
0.04,0.04,0.1,0.012,0.04,0.04,0.218508,0.672499,-0.672499,0.218502
0.04,0.04,0.1,-0.012,-0.008,0.07,0.309017,0.951057,-5.82354e-17,1.89218e-17
0.04,0.04,0.1,0.008,0.04,0.04,0.218508,0.672499,-0.672499,0.218502
0.04,0.04,0.1,0.016,0.008,0.07,0.951057,-0.309017,-1.89218e-17,5.82354e-17
0.04,0.04,0.1,-0.016,-0.008,0.07,0.309017,0.951057,-5.82354e-17,1.89218e-17
0.04,0.04,0.1,-0.02,0,0.07,1,0,0,6.12323e-17
0.04,0.04,0.1,0.004,0.04,0.04,0.218508,0.672499,-0.672499,0.218502
0.04,0.04,0.1,0.02,0,0.07,6.12323e-17,1,-6.12323e-17,3.7494e-33
0.04,0.04,0.1,0,0.04,0.04,0.218508,0.672499,-0.672499,0.218502
0.04,0.04,0.1,0.02,0.008,0.07,0.951057,-0.309017,-1.89218e-17,5.82354e-17
0.04,0.04,0.1,-0.02,-0.008,0.07,0.309017,0.951057,-5.82354e-17,1.89218e-17
0.04,0.04,0.1,-0.004,0.04,0.04,0.218508,0.672499,-0.672499,0.218502
0.04,0.04,0.1,0,0.012,0.07,0.951057,-0.309017,-1.89218e-17,5.82354e-17
0.04,0.04,0.1,0.004,0.012,0.07,0.951057,-0.309017,-1.89218e-17,5.82354e-17
0.04,0.04,0.1,-0.008,0.04,0.04,0.218508,0.672499,-0.672499,0.218502
0.04,0.04,0.1,-0.004,0.012,0.07,0.951057,-0.309017,-1.89218e-17,5.82354e-17
0.04,0.04,0.1,0,-0.012,0.07,0.309017,0.951057,-5.82354e-17,1.89218e-17
0.04,0.04,0.1,-0.004,-0.012,0.07,0.309017,0.951057,-5.82354e-17,1.89218e-17
0.04,0.04,0.1,0.008,0.012,0.07,0.951057,-0.309017,-1.89218e-17,5.82354e-17
0.04,0.04,0.1,-0.008,0.012,0.07,0.951057,-0.309017,-1.89218e-17,5.82354e-17
0.04,0.04,0.1,0.004,-0.012,0.07,0.309017,0.951057,-5.82354e-17,1.89218e-17
0.04,0.04,0.1,-0.008,-0.012,0.07,0.309017,0.951057,-5.82354e-17,1.89218e-17
0.04,0.04,0.1,-0.012,0.04,0.04,0.218508,0.672499,-0.672499,0.218502
0.04,0.04,0.1,0.008,-0.012,0.07,0.309017,0.951057,-5.82354e-17,1.89218e-17
0.04,0.04,0.1,-0.012,0.012,0.07,0.951057,-0.309017,-1.89218e-17,5.82354e-17
0.04,0.04,0.1,0.012,0.012,0.07,0.951057,-0.309017,-1.89218e-17,5.82354e-17
0.04,0.04,0.1,-0.012,-0.012,0.07,0.309017,0.951057,-5.82354e-17,1.89218e-17
0.04,0.04,0.1,0.012,-0.012,0.07,0.309017,0.951057,-5.82354e-17,1.89218e-17
0.04,0.04,0.1,-0.016,0.04,0.04,0.218508,0.672499,-0.672499,0.218502
0.04,0.04,0.1,-0.016,0.012,0.07,0.951057,-0.309017,-1.89218e-17,5.82354e-17
0.04,0.04,0.1,-0.02,0.004,0.07,1,0,0,6.12323e-17
0.04,0.04,0.1,-0.02,0.04,0.03,0.218508,0.672499,-0.672499,0.218502
0.04,0.04,0.1,0.016,0.012,0.07,0.951057,-0.309017,-1.89218e-17,5.82354e-17
0.04,0.04,0.1,-0.016,-0.012,0.07,0.309017,0.951057,-5.82354e-17,1.89218e-17
0.04,0.04,0.1,0.016,-0.012,0.07,0.309017,0.951057,-5.82354e-17,1.89218e-17
0.04,0.04,0.1,-0.02,0.04,0.04,0.218508,0.672499,-0.672499,0.218502
0.04,0.04,0.1,0.02,-0.004,0.07,6.12323e-17,1,-6.12323e-17,3.7494e-33
0.04,0.04,0.1,0.02,0.012,0.07,0.951057,-0.309017,-1.89218e-17,5.82354e-17
0.04,0.04,0.1,-0.02,-0.012,0.07,0.309017,0.951057,-5.82354e-17,1.89218e-17
0.04,0.04,0.1,-0.016,0.004,0.07,1,0,0,6.12323e-17
0.04,0.04,0.1,0.016,-0.004,0.07,6.12323e-17,1,-6.12323e-17,3.7494e-33
0.04,0.04,0.1,0.004,0.016,0.07,0.951057,-0.309017,-1.89218e-17,5.82354e-17
0.04,0.04,0.1,0.008,0.016,0.07,0.951057,-0.309017,-1.89218e-17,5.82354e-17
0.04,0.04,0.1,-0.004,-0.016,0.07,0.309017,0.951057,-5.82354e-17,1.89218e-17
0.04,0.04,0.1,0,0.016,0.07,0.951057,-0.309017,-1.89218e-17,5.82354e-17
0.04,0.04,0.1,-0.008,-0.016,0.07,0.309017,0.951057,-5.82354e-17,1.89218e-17
0.04,0.04,0.1,0,-0.016,0.07,0.309017,0.951057,-5.82354e-17,1.89218e-17
0.04,0.04,0.1,0.012,0.016,0.07,0.951057,-0.309017,-1.89218e-17,5.82354e-17
0.04,0.04,0.1,-0.02,0.008,0.07,1,0,0,6.12323e-17
0.04,0.04,0.1,-0.012,-0.016,0.07,0.309017,0.951057,-5.82354e-17,1.89218e-17
0.04,0.04,0.1,-0.004,0.016,0.07,0.951057,-0.309017,-1.89218e-17,5.82354e-17
0.04,0.04,0.1,0.004,-0.016,0.07,0.309017,0.951057,-5.82354e-17,1.89218e-17
0.04,0.04,0.1,0.02,-0.008,0.07,6.12323e-17,1,-6.12323e-17,3.7494e-33
0.04,0.04,0.1,0.016,0.016,0.07,0.951057,-0.309017,-1.89218e-17,5.82354e-17
0.04,0.04,0.1,-0.008,0.016,0.07,0.951057,-0.309017,-1.89218e-17,5.82354e-17
0.04,0.04,0.1,-0.012,0.004,0.07,1,0,0,6.12323e-17
0.04,0.04,0.1,-0.016,-0.016,0.07,0.309017,0.951057,-5.82354e-17,1.89218e-17
0.04,0.04,0.1,0.008,-0.016,0.07,0.309017,0.951057,-5.82354e-17,1.89218e-17
0.04,0.04,0.1,0.012,-0.004,0.07,6.12323e-17,1,-6.12323e-17,3.7494e-33
0.04,0.04,0.1,-0.012,0.016,0.07,0.951057,-0.309017,-1.89218e-17,5.82354e-17
0.04,0.04,0.1,0.02,0.016,0.07,0.951057,-0.309017,-1.89218e-17,5.82354e-17
0.04,0.04,0.1,-0.016,0.008,0.07,1,0,0,6.12323e-17
0.04,0.04,0.1,-0.02,-0.016,0.07,0.309017,0.951057,-5.82354e-17,1.89218e-17
0.04,0.04,0.1,0.012,-0.016,0.07,0.309017,0.951057,-5.82354e-17,1.89218e-17
0.04,0.04,0.1,0.016,-0.008,0.07,6.12323e-17,1,-6.12323e-17,3.7494e-33
0.04,0.04,0.1,-0.016,0.016,0.07,0.951057,-0.309017,-1.89218e-17,5.82354e-17
0.04,0.04,0.1,0.016,-0.016,0.07,0.309017,0.951057,-5.82354e-17,1.89218e-17
0.04,0.04,0.1,-0.008,0.004,0.07,1,0,0,6.12323e-17
0.04,0.04,0.1,-0.02,0.012,0.07,1,0,0,6.12323e-17
0.04,0.04,0.1,0.02,-0.012,0.07,6.12323e-17,1,-6.12323e-17,3.7494e-33
0.04,0.04,0.1,-0.02,0.016,0.07,0.951057,-0.309017,-1.89218e-17,5.82354e-17
0.04,0.04,0.1,-0.012,0.008,0.07,1,0,0,6.12323e-17
0.04,0.04,0.1,0.008,-0.004,0.07,6.12323e-17,1,-6.12323e-17,3.7494e-33
0.04,0.04,0.1,0.008,0.02,0.07,0.951057,-0.309017,-1.89218e-17,5.82354e-17
0.04,0.04,0.1,-0.008,-0.02,0.07,0.309017,0.951057,-5.82354e-17,1.89218e-17
0.04,0.04,0.1,0.012,0.02,0.07,0.951057,-0.309017,-1.89218e-17,5.82354e-17
0.04,0.04,0.1,-0.012,-0.02,0.07,0.309017,0.951057,-5.82354e-17,1.89218e-17
0.04,0.04,0.1,0.012,-0.008,0.07,6.12323e-17,1,-6.12323e-17,3.7494e-33
0.04,0.04,0.1,0.004,0.02,0.07,0.951057,-0.309017,-1.89218e-17,5.82354e-17
0.04,0.04,0.1,0.02,-0.016,0.07,0.309017,0.951057,-5.82354e-17,1.89218e-17
0.04,0.04,0.1,-0.004,-0.02,0.07,0.309017,0.951057,-5.82354e-17,1.89218e-17
0.04,0.04,0.1,0.02,0.02,0.07,-0.587785,0.809017,-4.9538e-17,-3.59915e-17
0.04,0.04,0.1,-0.04,0.004,0.04,0.707107,-4.32978e-17,0.707107,-4.32978e-17
0.04,0.04,0.1,-0.016,-0.02,0.07,0.309017,0.951057,-5.82354e-17,1.89218e-17
0.04,0.04,0.1,0.016,0.02,0.07,0.951057,-0.309017,-1.89218e-17,5.82354e-17
0.04,0.04,0.1,-0.016,0.012,0.07,1,0,0,6.12323e-17
0.04,0.04,0.1,0,0.02,0.07,0.951057,-0.309017,-1.89218e-17,5.82354e-17
0.04,0.04,0.1,0,-0.02,0.07,0.309017,0.951057,-5.82354e-17,1.89218e-17
0.04,0.04,0.1,-0.02,-0.02,0.07,0.809017,0.587785,3.59914e-17,4.9538e-17
0.04,0.04,0.1,0.016,-0.012,0.07,6.12323e-17,1,-6.12323e-17,3.7494e-33
0.04,0.04,0.1,-0.04,0.004,0.03,0.707107,-4.32978e-17,0.707107,-4.32978e-17
0.04,0.04,0.1,-0.02,-0.02,0.07,0.309017,0.951057,-5.82354e-17,1.89218e-17
0.04,0.04,0.1,0.02,0.02,0.07,0.951057,-0.309017,-1.89218e-17,5.82354e-17
0.04,0.04,0.1,-0.004,0.02,0.07,0.951057,-0.309017,-1.89218e-17,5.82354e-17
0.04,0.04,0.1,0.004,-0.02,0.07,0.309017,0.951057,-5.82354e-17,1.89218e-17
0.04,0.04,0.1,0.02,0.016,0.07,-0.587785,0.809017,-4.9538e-17,-3.59915e-17
0.04,0.04,0.1,-0.008,0.008,0.07,1,0,0,6.12323e-17
0.04,0.04,0.1,-0.008,0.04,0.03,0.415627,0.572061,-0.572061,0.415629
0.04,0.04,0.1,-0.004,0.004,0.07,1,0,0,6.12323e-17
0.04,0.04,0.1,-0.02,0.016,0.07,1,0,0,6.12323e-17
0.04,0.04,0.1,0.04,-0.004,0.04,0,-0.707107,0,0.707106
0.04,0.04,0.1,0.02,-0.016,0.07,6.12323e-17,1,-6.12323e-17,3.7494e-33
0.04,0.04,0.1,-0.012,0.012,0.07,1,0,0,6.12323e-17
0.04,0.04,0.1,-0.012,0.04,0.03,0.415627,0.572061,-0.572061,0.415629
0.04,0.04,0.1,-0.02,-0.016,0.07,0.809017,0.587785,3.59914e-17,4.9538e-17
0.04,0.04,0.1,-0.004,0.04,0.04,0.415627,0.572061,-0.572061,0.415629
0.04,0.04,0.1,-0.008,0.02,0.07,0.951057,-0.309017,-1.89218e-17,5.82354e-17
0.04,0.04,0.1,0.012,-0.012,0.07,6.12323e-17,1,-6.12323e-17,3.7494e-33
0.04,0.04,0.1,0.008,-0.008,0.07,6.12323e-17,1,-6.12323e-17,3.7494e-33
0.04,0.04,0.1,-0.016,0.04,0.03,0.415627,0.572061,-0.572061,0.415629
0.04,0.04,0.1,-0.008,0.04,0.04,0.415627,0.572061,-0.572061,0.415629
0.04,0.04,0.1,0.008,-0.02,0.07,0.309017,0.951057,-5.82354e-17,1.89218e-17
0.04,0.04,0.1,0.04,-0.004,0.03,0,-0.707107,0,0.707106
0.04,0.04,0.1,-0.02,0.04,0.03,0.415627,0.572061,-0.572061,0.415629
0.04,0.04,0.1,-0.012,0.04,0.04,0.415627,0.572061,-0.572061,0.415629
0.04,0.04,0.1,-0.016,0.016,0.07,1,0,0,6.12323e-17
0.04,0.04,0.1,0.004,-0.004,0.07,6.12323e-17,1,-6.12323e-17,3.7494e-33
0.04,0.04,0.1,0.016,-0.016,0.07,6.12323e-17,1,-6.12323e-17,3.7494e-33
0.04,0.04,0.1,0.02,0.012,0.07,-0.587785,0.809017,-4.9538e-17,-3.59915e-17
0.04,0.04,0.1,0.016,0.02,0.07,-0.587785,0.809017,-4.9538e-17,-3.59915e-17
0.04,0.04,0.1,-0.016,0.04,0.04,0.415627,0.572061,-0.572061,0.415629
0.04,0.04,0.1,-0.008,-0.008,0.07,0.587785,0.809017,-4.9538e-17,3.59915e-17
0.04,0.04,0.1,-0.02,-0.012,0.07,0.809017,0.587785,3.59914e-17,4.9538e-17
0.04,0.04,0.1,-0.012,-0.008,0.07,0.587785,0.809017,-4.9538e-17,3.59915e-17
0.04,0.04,0.1,-0.04,0.008,0.04,0.707107,-4.32978e-17,0.707107,-4.32978e-17
0.04,0.04,0.1,-0.012,0.02,0.07,0.951057,-0.309017,-1.89218e-17,5.82354e-17
0.04,0.04,0.1,-0.02,0.04,0.04,0.415627,0.572061,-0.572061,0.415629
0.04,0.04,0.1,-0.012,-0.004,0.07,0.587785,0.809017,-4.9538e-17,3.59915e-17
0.04,0.04,0.1,-0.008,-0.004,0.07,0.587785,0.809017,-4.9538e-17,3.59915e-17
0.04,0.04,0.1,-0.008,-0.012,0.07,0.587785,0.809017,-4.9538e-17,3.59915e-17
0.04,0.04,0.1,-0.012,-0.012,0.07,0.587785,0.809017,-4.9538e-17,3.59915e-17
0.04,0.04,0.1,-0.008,0.012,0.07,1,0,0,6.12323e-17
0.04,0.04,0.1,-0.016,-0.008,0.07,0.587785,0.809017,-4.9538e-17,3.59915e-17
0.04,0.04,0.1,-0.012,0.016,0.07,1,0,0,6.12323e-17
0.04,0.04,0.1,0.012,-0.02,0.07,0.309017,0.951057,-5.82354e-17,1.89218e-17
0.04,0.04,0.1,-0.016,-0.004,0.07,0.587785,0.809017,-4.9538e-17,3.59915e-17
0.04,0.04,0.1,-0.004,-0.012,0.07,0.587785,0.809017,-4.9538e-17,3.59915e-17
0.04,0.04,0.1,-0.04,0.008,0.03,0.707107,-4.32978e-17,0.707107,-4.32978e-17
0.04,0.04,0.1,0.012,-0.016,0.07,6.12323e-17,1,-6.12323e-17,3.7494e-33
0.04,0.04,0.1,0.008,-0.012,0.07,6.12323e-17,1,-6.12323e-17,3.7494e-33
0.04,0.04,0.1,-0.016,-0.012,0.07,0.587785,0.809017,-4.9538e-17,3.59915e-17
0.04,0.04,0.1,-0.012,0,0.07,0.587785,0.809017,-4.9538e-17,3.59915e-17
0.04,0.04,0.1,0.02,0.008,0.07,-0.587785,0.809017,-4.9538e-17,-3.59915e-17
0.04,0.04,0.1,-0.008,0,0.07,0.587785,0.809017,-4.9538e-17,3.59915e-17
0.04,0.04,0.1,-0.008,-0.016,0.07,0.587785,0.809017,-4.9538e-17,3.59915e-17
0.04,0.04,0.1,0.02,-0.02,0.07,6.12323e-17,1,-6.12323e-17,3.7494e-33
0.04,0.04,0.1,-0.02,0.02,0.07,1,0,0,6.12323e-17
0.04,0.04,0.1,-0.016,-0.02,0.07,0.809017,0.587785,3.59914e-17,4.9538e-17
0.04,0.04,0.1,-0.004,0.008,0.07,1,0,0,6.12323e-17
0.04,0.04,0.1,-0.016,0,0.07,0.587785,0.809017,-4.9538e-17,3.59915e-17
0.04,0.04,0.1,-0.012,-0.016,0.07,0.587785,0.809017,-4.9538e-17,3.59915e-17
0.04,0.04,0.1,-0.02,-0.008,0.07,0.809017,0.587785,3.59914e-17,4.9538e-17
0.04,0.04,0.1,-0.02,-0.008,0.07,0.587785,0.809017,-4.9538e-17,3.59915e-17
0.04,0.04,0.1,-0.02,-0.004,0.07,0.587785,0.809017,-4.9538e-17,3.59915e-17
0.04,0.04,0.1,-0.004,-0.016,0.07,0.587785,0.809017,-4.9538e-17,3.59915e-17
0.04,0.04,0.1,0.016,-0.02,0.07,6.12323e-17,1,-6.12323e-17,3.7494e-33
0.04,0.04,0.1,-0.016,0.02,0.07,1,0,0,6.12323e-17
0.04,0.04,0.1,0.04,-0.008,0.04,0,-0.707107,0,0.707106
0.04,0.04,0.1,-0.008,0.016,0.07,1,0,0,6.12323e-17
0.04,0.04,0.1,-0.02,-0.012,0.07,0.587785,0.809017,-4.9538e-17,3.59915e-17
0.04,0.04,0.1,0.012,-0.02,0.07,6.12323e-17,1,-6.12323e-17,3.7494e-33
0.04,0.04,0.1,-0.012,0.02,0.07,1,0,0,6.12323e-17
0.04,0.04,0.1,-0.016,-0.016,0.07,0.587785,0.809017,-4.9538e-17,3.59915e-17
0.04,0.04,0.1,-0.02,0,0.07,0.587785,0.809017,-4.9538e-17,3.59915e-17
0.04,0.04,0.1,0.008,-0.016,0.07,6.12323e-17,1,-6.12323e-17,3.7494e-33
0.04,0.04,0.1,-0.016,0.02,0.07,0.951057,-0.309017,-1.89218e-17,5.82354e-17
0.04,0.04,0.1,0.004,-0.008,0.07,6.12323e-17,1,-6.12323e-17,3.7494e-33
0.04,0.04,0.1,0.016,0.016,0.07,-0.587785,0.809017,-4.9538e-17,-3.59915e-17
0.04,0.04,0.1,0.04,-0.008,0.03,0,-0.707107,0,0.707106
0.04,0.04,0.1,0.008,-0.02,0.07,6.12323e-17,1,-6.12323e-17,3.7494e-33
0.04,0.04,0.1,0,-0.016,0.07,0.587785,0.809017,-4.9538e-17,3.59915e-17
0.04,0.04,0.1,-0.012,0.004,0.07,0.587785,0.809017,-4.9538e-17,3.59915e-17
0.04,0.04,0.1,-0.008,0.02,0.07,1,0,0,6.12323e-17
0.04,0.04,0.1,-0.02,-0.004,0.07,0.809017,0.587785,3.59914e-17,4.9538e-17
0.04,0.04,0.1,0.02,0.004,0.07,-0.587785,0.809017,-4.9538e-17,-3.59915e-17
0.04,0.04,0.1,-0.016,0.004,0.07,0.587785,0.809017,-4.9538e-17,3.59915e-17
0.04,0.04,0.1,0,0.004,0.07,1,0,0,6.12323e-17
0.04,0.04,0.1,-0.008,-0.02,0.07,0.587785,0.809017,-4.9538e-17,3.59915e-17
0.04,0.04,0.1,-0.008,0.004,0.07,0.587785,0.809017,-4.9538e-17,3.59915e-17
0.04,0.04,0.1,0.016,-0.02,0.07,0.309017,0.951057,-5.82354e-17,1.89218e-17
0.04,0.04,0.1,0.004,-0.02,0.07,6.12323e-17,1,-6.12323e-17,3.7494e-33
0.04,0.04,0.1,-0.012,-0.02,0.07,0.587785,0.809017,-4.9538e-17,3.59915e-17
0.04,0.04,0.1,-0.004,0.02,0.07,1,0,0,6.12323e-17
0.04,0.04,0.1,0.04,0.02,0.04,0.707107,-4.32978e-17,-0.707107,4.32978e-17
0.04,0.04,0.1,-0.004,-0.02,0.07,0.587785,0.809017,-4.9538e-17,3.59915e-17
0.04,0.04,0.1,-0.004,0.012,0.07,1,0,0,6.12323e-17
0.04,0.04,0.1,-0.02,-0.016,0.07,0.587785,0.809017,-4.9538e-17,3.59915e-17
0.04,0.04,0.1,0.02,0.008,0.07,0.809017,-0.587785,-3.59914e-17,4.9538e-17
0.04,0.04,0.1,0.02,0.012,0.07,0.809017,-0.587785,-3.59914e-17,4.9538e-17
0.04,0.04,0.1,-0.02,0.004,0.07,0.587785,0.809017,-4.9538e-17,3.59915e-17
0.04,0.04,0.1,-0.004,0.016,0.07,1,0,0,6.12323e-17
0.04,0.04,0.1,-0.02,0,0.07,0.809017,0.587785,3.59914e-17,4.9538e-17
0.04,0.04,0.1,0,-0.02,0.07,6.12323e-17,1,-6.12323e-17,3.7494e-33
0.04,0.04,0.1,0,0.02,0.07,1,0,0,6.12323e-17
0.04,0.04,0.1,0.004,-0.012,0.07,6.12323e-17,1,-6.12323e-17,3.7494e-33
0.04,0.04,0.1,0.004,-0.016,0.07,6.12323e-17,1,-6.12323e-17,3.7494e-33
0.04,0.04,0.1,-0.016,-0.02,0.07,0.587785,0.809017,-4.9538e-17,3.59915e-17
0.04,0.04,0.1,0.02,0,0.07,-0.587785,0.809017,-4.9538e-17,-3.59915e-17
0.04,0.04,0.1,-0.016,-0.016,0.07,0.809017,0.587785,3.59914e-17,4.9538e-17
0.04,0.04,0.1,0,-0.02,0.07,0.587785,0.809017,-4.9538e-17,3.59915e-17
0.04,0.04,0.1,0.04,0.016,0.04,0.707107,-4.32978e-17,-0.707107,4.32978e-17
0.04,0.04,0.1,0.02,0.016,0.07,0.809017,-0.587785,-3.59914e-17,4.9538e-17
0.04,0.04,0.1,0.02,0.004,0.07,0.809017,-0.587785,-3.59914e-17,4.9538e-17
0.04,0.04,0.1,-0.004,-0.02,0.07,6.12323e-17,1,-6.12323e-17,3.7494e-33
0.04,0.04,0.1,-0.02,0.004,0.07,0.809017,0.587785,3.59914e-17,4.9538e-17
0.04,0.04,0.1,0.004,0.02,0.07,1,0,0,6.12323e-17
0.04,0.04,0.1,0.016,0.012,0.07,0.809017,-0.587785,-3.59914e-17,4.9538e-17
0.04,0.04,0.1,0.016,0.016,0.07,0.809017,-0.587785,-3.59914e-17,4.9538e-17
0.04,0.04,0.1,-0.04,0.012,0.04,0.707107,-4.32978e-17,0.707107,-4.32978e-17
0.04,0.04,0.1,-0.02,0.02,0.07,0.951057,-0.309017,-1.89218e-17,5.82354e-17
0.04,0.04,0.1,0,-0.004,0.07,6.12323e-17,1,-6.12323e-17,3.7494e-33
0.04,0.04,0.1,0.02,-0.004,0.07,-0.587785,0.809017,-4.9538e-17,-3.59915e-17
0.04,0.04,0.1,-0.012,0.008,0.07,0.587785,0.809017,-4.9538e-17,3.59915e-17
0.04,0.04,0.1,-0.02,0.008,0.07,0.809017,0.587785,3.59914e-17,4.9538e-17
0.04,0.04,0.1,-0.016,0.008,0.07,0.587785,0.809017,-4.9538e-17,3.59915e-17
0.04,0.04,0.1,-0.04,0.012,0.03,0.707107,-4.32978e-17,0.707107,-4.32978e-17
0.04,0.04,0.1,-0.02,-0.02,0.07,0.587785,0.809017,-4.9538e-17,3.59915e-17
0.04,0.04,0.1,0.016,0.012,0.07,-0.587785,0.809017,-4.9538e-17,-3.59915e-17
0.04,0.04,0.1,0.016,0.008,0.07,0.809017,-0.587785,-3.59914e-17,4.9538e-17
0.04,0.04,0.1,-0.008,-0.02,0.07,6.12323e-17,1,-6.12323e-17,3.7494e-33
0.04,0.04,0.1,0.008,0.02,0.07,1,0,0,6.12323e-17
0.04,0.04,0.1,0,0.016,0.07,1,0,0,6.12323e-17
0.04,0.04,0.1,0.02,-0.008,0.07,-0.587785,0.809017,-4.9538e-17,-3.59915e-17
0.04,0.04,0.1,-0.02,0.012,0.07,0.809017,0.587785,3.59914e-17,4.9538e-17
0.04,0.04,0.1,0,-0.016,0.07,6.12323e-17,1,-6.12323e-17,3.7494e-33
0.04,0.04,0.1,-0.008,0.008,0.07,0.587785,0.809017,-4.9538e-17,3.59915e-17
0.04,0.04,0.1,0.04,-0.012,0.04,0,-0.707107,0,0.707106
0.04,0.04,0.1,-0.02,0.008,0.07,0.587785,0.809017,-4.9538e-17,3.59915e-17
0.04,0.04,0.1,0.016,0.02,0.07,0.809017,-0.587785,-3.59914e-17,4.9538e-17
0.04,0.04,0.1,0,0.008,0.07,1,0,0,6.12323e-17
0.04,0.04,0.1,0.02,0.02,0.07,0.809017,-0.587785,-3.59914e-17,4.9538e-17
0.04,0.04,0.1,0.02,-0.012,0.07,-0.587785,0.809017,-4.9538e-17,-3.59915e-17
0.04,0.04,0.1,0.02,-0.02,0.07,0.309017,0.951057,-5.82354e-17,1.89218e-17
0.04,0.04,0.1,0.02,-0.016,0.07,-0.587785,0.809017,-4.9538e-17,-3.59915e-17
0.04,0.04,0.1,0.04,-0.012,0.03,0,-0.707107,0,0.707106
0.04,0.04,0.1,-0.02,0.016,0.07,0.809017,0.587785,3.59914e-17,4.9538e-17
0.04,0.04,0.1,0.02,0,0.07,0.809017,-0.587785,-3.59914e-17,4.9538e-17
0.04,0.04,0.1,0.02,-0.02,0.07,-0.587785,0.809017,-4.9538e-17,-3.59915e-17
0.04,0.04,0.1,-0.012,-0.02,0.07,6.12323e-17,1,-6.12323e-17,3.7494e-33
0.04,0.04,0.1,0.012,0.02,0.07,1,0,0,6.12323e-17
0.04,0.04,0.1,0.004,-0.02,0.07,0.587785,0.809017,-4.9538e-17,3.59915e-17
0.04,0.04,0.1,0,0.012,0.07,1,0,0,6.12323e-17
0.04,0.04,0.1,0.012,0.016,0.07,0.809017,-0.587785,-3.59914e-17,4.9538e-17
0.04,0.04,0.1,-0.02,0.02,0.07,0.809017,0.587785,3.59914e-17,4.9538e-17
0.04,0.04,0.1,-0.016,-0.012,0.07,0.809017,0.587785,3.59914e-17,4.9538e-17
0.04,0.04,0.1,0.012,0.02,0.07,0.809017,-0.587785,-3.59914e-17,4.9538e-17
0.04,0.04,0.1,0.016,0.004,0.07,0.809017,-0.587785,-3.59914e-17,4.9538e-17
0.04,0.04,0.1,0,-0.012,0.07,6.12323e-17,1,-6.12323e-17,3.7494e-33
0.04,0.04,0.1,0,-0.008,0.07,6.12323e-17,1,-6.12323e-17,3.7494e-33
0.04,0.04,0.1,0.004,0.016,0.07,1,0,0,6.12323e-17
0.04,0.04,0.1,0.012,0.012,0.07,0.809017,-0.587785,-3.59914e-17,4.9538e-17
0.04,0.04,0.1,-0.004,-0.016,0.07,6.12323e-17,1,-6.12323e-17,3.7494e-33
0.04,0.04,0.1,-0.016,-0.02,0.07,6.12323e-17,1,-6.12323e-17,3.7494e-33
0.04,0.04,0.1,0.016,0.02,0.07,1,0,0,6.12323e-17
0.04,0.04,0.1,0.016,0.008,0.07,-0.587785,0.809017,-4.9538e-17,-3.59915e-17
0.04,0.04,0.1,-0.016,0.012,0.07,0.587785,0.809017,-4.9538e-17,3.59915e-17
0.04,0.04,0.1,-0.012,0.012,0.07,0.587785,0.809017,-4.9538e-17,3.59915e-17
0.04,0.04,0.1,-0.02,0.012,0.07,0.587785,0.809017,-4.9538e-17,3.59915e-17
0.04,0.04,0.1,-0.016,-0.008,0.07,0.809017,0.587785,3.59914e-17,4.9538e-17
0.04,0.04,0.1,0.02,-0.004,0.07,0.809017,-0.587785,-3.59914e-17,4.9538e-17
0.04,0.04,0.1,0.04,-0.016,0.03,0,-0.707107,0,0.707106
0.04,0.04,0.1,-0.02,-0.02,0.07,6.12323e-17,1,-6.12323e-17,3.7494e-33
0.04,0.04,0.1,0.04,-0.016,0.04,0,-0.707107,0,0.707106
0.04,0.04,0.1,0.02,0.02,0.07,1,0,0,6.12323e-17
0.04,0.04,0.1,0.012,0.008,0.07,0.809017,-0.587785,-3.59914e-17,4.9538e-17
0.04,0.04,0.1,0.008,0.016,0.07,1,0,0,6.12323e-17
0.04,0.04,0.1,0.016,-0.02,0.07,-0.587785,0.809017,-4.9538e-17,-3.59915e-17
0.04,0.04,0.1,-0.04,0.016,0.03,0.707107,-4.32978e-17,0.707107,-4.32978e-17
0.04,0.04,0.1,-0.008,0.012,0.07,0.587785,0.809017,-4.9538e-17,3.59915e-17
0.04,0.04,0.1,-0.04,0.016,0.04,0.707107,-4.32978e-17,0.707107,-4.32978e-17
0.04,0.04,0.1,-0.008,-0.016,0.07,6.12323e-17,1,-6.12323e-17,3.7494e-33
0.04,0.04,0.1,0.004,0.004,0.07,1,0,0,6.12323e-17
0.04,0.04,0.1,0.016,0.004,0.07,-0.587785,0.809017,-4.9538e-17,-3.59915e-17
0.04,0.04,0.1,0.008,-0.02,0.07,0.587785,0.809017,-4.9538e-17,3.59915e-17
0.04,0.04,0.1,0.004,0.012,0.07,1,0,0,6.12323e-17
0.04,0.04,0.1,0.008,0.02,0.07,0.809017,-0.587785,-3.59914e-17,4.9538e-17
0.04,0.04,0.1,0.016,-0.016,0.07,-0.587785,0.809017,-4.9538e-17,-3.59915e-17
0.04,0.04,0.1,0.016,0,0.07,0.809017,-0.587785,-3.59914e-17,4.9538e-17
0.04,0.04,0.1,-0.016,-0.004,0.07,0.809017,0.587785,3.59914e-17,4.9538e-17
0.04,0.04,0.1,-0.016,0.02,0.07,0.809017,0.587785,3.59914e-17,4.9538e-17
0.04,0.04,0.1,-0.004,-0.012,0.07,6.12323e-17,1,-6.12323e-17,3.7494e-33
0.04,0.04,0.1,0.008,0.016,0.07,0.809017,-0.587785,-3.59914e-17,4.9538e-17
0.04,0.04,0.1,0.016,-0.012,0.07,-0.587785,0.809017,-4.9538e-17,-3.59915e-17
0.04,0.04,0.1,-0.016,0.016,0.07,0.809017,0.587785,3.59914e-17,4.9538e-17
0.04,0.04,0.1,0.016,0,0.07,-0.587785,0.809017,-4.9538e-17,-3.59915e-17
0.04,0.04,0.1,0.04,-0.02,0.03,0,-0.707107,0,0.707106
0.04,0.04,0.1,0.004,0.008,0.07,1,0,0,6.12323e-17
0.04,0.04,0.1,-0.016,0,0.07,0.809017,0.587785,3.59914e-17,4.9538e-17
0.04,0.04,0.1,-0.04,-0.012,0.03,-0.218508,0.672498,-0.218508,0.672499
0.04,0.04,0.1,-0.016,0.012,0.07,0.809017,0.587785,3.59914e-17,4.9538e-17
0.04,0.04,0.1,0.012,0.016,0.07,1,0,0,6.12323e-17
0.04,0.04,0.1,0.016,-0.008,0.07,-0.587785,0.809017,-4.9538e-17,-3.59915e-17
0.04,0.04,0.1,0.04,-0.02,0.04,0,-0.707107,0,0.707106
0.04,0.04,0.1,0.012,0.02,0.07,-0.587785,0.809017,-4.9538e-17,-3.59915e-17
0.04,0.04,0.1,-0.04,-0.016,0.04,0,0.707107,0,0.707106
0.04,0.04,0.1,-0.016,0.008,0.07,0.809017,0.587785,3.59914e-17,4.9538e-17
0.04,0.04,0.1,-0.016,0.004,0.07,0.809017,0.587785,3.59914e-17,4.9538e-17
0.04,0.04,0.1,0.016,-0.004,0.07,-0.587785,0.809017,-4.9538e-17,-3.59915e-17
0.04,0.04,0.1,0.04,0.012,0.03,-0.672498,-0.218508,0.672499,0.218508
0.04,0.04,0.1,-0.012,-0.016,0.07,6.12323e-17,1,-6.12323e-17,3.7494e-33
0.04,0.04,0.1,0.02,-0.02,0.07,-0.309017,0.951057,-5.82354e-17,-1.89218e-17
0.04,0.04,0.1,-0.02,0.02,0.07,0.951057,0.309017,1.89218e-17,5.82354e-17
0.04,0.04,0.1,-0.04,-0.016,0.04,-0.218508,0.672498,-0.218508,0.672499
0.04,0.04,0.1,-0.04,-0.016,0.03,-0.218508,0.672498,-0.218508,0.672499
0.04,0.04,0.1,-0.04,-0.016,0.02,-0.218508,0.672498,-0.218508,0.672499
0.04,0.04,0.1,-0.04,-0.02,0.04,-0.218508,0.672498,-0.218508,0.672499
0.04,0.04,0.1,-0.016,0.016,0.07,0.587785,0.809017,-4.9538e-17,3.59915e-17
0.04,0.04,0.1,-0.04,-0.012,0.04,-0.218508,0.672498,-0.218508,0.672499
0.04,0.04,0.1,-0.02,0.016,0.07,0.587785,0.809017,-4.9538e-17,3.59915e-17
0.04,0.04,0.1,-0.04,-0.02,0.04,0,0.707107,0,0.707106
0.04,0.04,0.1,0.04,0.016,0.04,-0.672498,-0.218508,0.672499,0.218508
0.04,0.04,0.1,0.04,0.02,0.04,-0.672498,-0.218508,0.672499,0.218508
0.04,0.04,0.1,0.04,0.016,0.03,-0.672498,-0.218508,0.672499,0.218508
0.04,0.04,0.1,0.04,0.016,0.02,-0.672498,-0.218508,0.672499,0.218508
0.04,0.04,0.1,-0.004,-0.004,0.07,6.12323e-17,1,-6.12323e-17,3.7494e-33
0.04,0.04,0.1,0.04,0.012,0.04,-0.672498,-0.218508,0.672499,0.218508
0.04,0.04,0.1,-0.012,0.016,0.07,0.587785,0.809017,-4.9538e-17,3.59915e-17
0.04,0.04,0.1,-0.04,-0.008,0.04,-0.218508,0.672498,-0.218508,0.672499
0.04,0.04,0.1,-0.04,-0.02,0.03,-0.218508,0.672498,-0.218508,0.672499
0.04,0.04,0.1,-0.04,0.02,0.03,0.707107,-4.32978e-17,0.707107,-4.32978e-17
0.04,0.04,0.1,0.012,0.004,0.07,0.809017,-0.587785,-3.59914e-17,4.9538e-17
0.04,0.04,0.1,0.04,0.008,0.04,-0.672498,-0.218508,0.672499,0.218508
0.04,0.04,0.1,-0.004,-0.008,0.07,6.12323e-17,1,-6.12323e-17,3.7494e-33
0.04,0.04,0.1,0.04,0.02,0.03,-0.672498,-0.218508,0.672499,0.218508
0.04,0.04,0.1,0.02,-0.04,0.03,-0.572061,0.415627,0.415627,0.572062
0.04,0.04,0.1,0.008,0.012,0.07,0.809017,-0.587785,-3.59914e-17,4.9538e-17
0.04,0.04,0.1,0.02,-0.016,0.07,-0.309017,0.951057,-5.82354e-17,-1.89218e-17
0.04,0.04,0.1,-0.04,0.02,0.04,0.707107,-4.32978e-17,0.707107,-4.32978e-17
0.04,0.04,0.1,-0.04,-0.02,0.02,-0.218508,0.672498,-0.218508,0.672499
0.04,0.04,0.1,0.02,-0.008,0.07,0.809017,-0.587785,-3.59914e-17,4.9538e-17
0.04,0.04,0.1,-0.02,0.016,0.07,0.951057,0.309017,1.89218e-17,5.82354e-17
0.04,0.04,0.1,0.04,0.004,0.04,-0.672498,-0.218508,0.672499,0.218508
0.04,0.04,0.1,-0.04,-0.004,0.04,-0.218508,0.672498,-0.218508,0.672499
0.04,0.04,0.1,0.016,-0.04,0.03,-0.572061,0.415627,0.415627,0.572062
0.04,0.04,0.1,0.04,0.02,0.02,-0.672498,-0.218508,0.672499,0.218508
0.04,0.04,0.1,0.008,0.012,0.07,1,0,0,6.12323e-17
0.04,0.04,0.1,0.012,-0.04,0.03,-0.572061,0.415627,0.415627,0.572062
0.04,0.04,0.1,-0.04,-0.02,0.01,-0.218508,0.672498,-0.218508,0.672499
0.04,0.04,0.1,0.016,0.016,0.07,1,0,0,6.12323e-17
0.04,0.04,0.1,-0.008,0.016,0.07,0.587785,0.809017,-4.9538e-17,3.59915e-17
0.04,0.04,0.1,0.04,0.02,0.04,-0.572061,-0.415627,0.572061,0.415629
0.04,0.04,0.1,-0.016,-0.016,0.07,6.12323e-17,1,-6.12323e-17,3.7494e-33
0.04,0.04,0.1,0.016,-0.02,0.07,-0.309017,0.951057,-5.82354e-17,-1.89218e-17
0.04,0.04,0.1,0.04,0.02,0.01,-0.672498,-0.218508,0.672499,0.218508
0.04,0.04,0.1,0.04,0.016,0.04,-0.572061,-0.415627,0.572061,0.415629
0.04,0.04,0.1,0.008,-0.04,0.03,-0.572061,0.415627,0.415627,0.572062
0.04,0.04,0.1,0.02,-0.012,0.07,-0.309017,0.951057,-5.82354e-17,-1.89218e-17
0.04,0.04,0.1,0.02,-0.04,0.03,-0.672499,0.218508,0.218508,0.672498
0.04,0.04,0.1,-0.008,-0.012,0.07,6.12323e-17,1,-6.12323e-17,3.7494e-33
0.04,0.04,0.1,0.04,0.012,0.04,-0.572061,-0.415627,0.572061,0.415629
0.04,0.04,0.1,-0.016,0.02,0.07,0.951057,0.309017,1.89218e-17,5.82354e-17
0.04,0.04,0.1,-0.02,0.012,0.07,0.951057,0.309017,1.89218e-17,5.82354e-17
0.04,0.04,0.1,0.016,-0.004,0.07,0.809017,-0.587785,-3.59914e-17,4.9538e-17
0.04,0.04,0.1,0.012,-0.02,0.07,-0.587785,0.809017,-4.9538e-17,-3.59915e-17
0.04,0.04,0.1,0.04,0.008,0.04,-0.572061,-0.415627,0.572061,0.415629
0.04,0.04,0.1,0.02,-0.04,0.04,-0.572061,0.415627,0.415627,0.572062
0.04,0.04,0.1,0.016,-0.04,0.04,-0.572061,0.415627,0.415627,0.572062
0.04,0.04,0.1,0.04,0.004,0.04,-0.572061,-0.415627,0.572061,0.415629
0.04,0.04,0.1,0.016,-0.016,0.07,-0.309017,0.951057,-5.82354e-17,-1.89218e-17
0.04,0.04,0.1,0.004,0.02,0.07,0.809017,-0.587785,-3.59914e-17,4.9538e-17
0.04,0.04,0.1,-0.02,0.02,0.07,0.587785,0.809017,-4.9538e-17,3.59915e-17
0.04,0.04,0.1,0.02,-0.008,0.07,-0.309017,0.951057,-5.82354e-17,-1.89218e-17
0.04,0.04,0.1,0.012,-0.04,0.04,-0.572061,0.415627,0.415627,0.572062
0.04,0.04,0.1,-0.016,0.02,0.07,0.587785,0.809017,-4.9538e-17,3.59915e-17
0.04,0.04,0.1,-0.02,0.008,0.07,0.951057,0.309017,1.89218e-17,5.82354e-17
0.04,0.04,0.1,-0.016,0.016,0.07,0.951057,0.309017,1.89218e-17,5.82354e-17
0.04,0.04,0.1,-0.012,-0.04,0.04,-0.672499,0.218508,0.218508,0.672498
0.04,0.04,0.1,0.02,0.016,0.07,1,0,0,6.12323e-17
0.04,0.04,0.1,0.012,0.016,0.07,-0.587785,0.809017,-4.9538e-17,-3.59915e-17
0.04,0.04,0.1,0.008,-0.04,0.04,-0.572061,0.415627,0.415627,0.572062
0.04,0.04,0.1,0.04,0,0.04,-0.572061,-0.415627,0.572061,0.415629
0.04,0.04,0.1,-0.02,-0.016,0.07,6.12323e-17,1,-6.12323e-17,3.7494e-33
0.04,0.04,0.1,-0.008,-0.04,0.04,-0.672499,0.218508,0.218508,0.672498
0.04,0.04,0.1,0.02,-0.04,0.04,-0.672499,0.218508,0.218508,0.672498
0.04,0.04,0.1,0.008,0.008,0.07,0.809017,-0.587785,-3.59914e-17,4.9538e-17
0.04,0.04,0.1,0.008,0.008,0.07,1,0,0,6.12323e-17
0.04,0.04,0.1,-0.004,-0.04,0.04,-0.672499,0.218508,0.218508,0.672498
0.04,0.04,0.1,-0.012,0.02,0.07,0.587785,0.809017,-4.9538e-17,3.59915e-17
0.04,0.04,0.1,0.016,-0.04,0.04,-0.672499,0.218508,0.218508,0.672498
0.04,0.04,0.1,0.012,-0.02,0.07,-0.309017,0.951057,-5.82354e-17,-1.89218e-17
0.04,0.04,0.1,-0.012,-0.02,0.07,0.809017,0.587785,3.59914e-17,4.9538e-17
0.04,0.04,0.1,0.012,-0.04,0.04,-0.672499,0.218508,0.218508,0.672498
0.04,0.04,0.1,0,-0.04,0.04,-0.672499,0.218508,0.218508,0.672498
0.04,0.04,0.1,0.004,-0.04,0.04,-0.572061,0.415627,0.415627,0.572062
0.04,0.04,0.1,0.008,-0.04,0.04,-0.672499,0.218508,0.218508,0.672498
0.04,0.04,0.1,0.004,-0.04,0.04,-0.672499,0.218508,0.218508,0.672498
0.04,0.04,0.1,0.016,-0.012,0.07,-0.309017,0.951057,-5.82354e-17,-1.89218e-17
0.04,0.04,0.1,0.008,0.004,0.07,1,0,0,6.12323e-17
0.04,0.04,0.1,0.012,0.012,0.07,1,0,0,6.12323e-17
0.04,0.04,0.1,0.012,-0.016,0.07,-0.587785,0.809017,-4.9538e-17,-3.59915e-17
0.04,0.04,0.1,0.04,-0.004,0.04,-0.572061,-0.415627,0.572061,0.415629
0.04,0.04,0.1,-0.012,0.02,0.07,0.951057,0.309017,1.89218e-17,5.82354e-17
0.04,0.04,0.1,0.012,0,0.07,0.809017,-0.587785,-3.59914e-17,4.9538e-17
0.04,0.04,0.1,-0.012,0.02,0.07,0.809017,0.587785,3.59914e-17,4.9538e-17
0.04,0.04,0.1,-0.016,0.012,0.07,0.951057,0.309017,1.89218e-17,5.82354e-17
0.04,0.04,0.1,0.02,-0.004,0.07,-0.309017,0.951057,-5.82354e-17,-1.89218e-17
0.04,0.04,0.1,-0.012,-0.012,0.07,6.12323e-17,1,-6.12323e-17,3.7494e-33
0.04,0.04,0.1,0.004,0.016,0.07,0.809017,-0.587785,-3.59914e-17,4.9538e-17
0.04,0.04,0.1,0.02,-0.012,0.07,0.809017,-0.587785,-3.59914e-17,4.9538e-17
0.04,0.04,0.1,-0.02,0.004,0.07,0.951057,0.309017,1.89218e-17,5.82354e-17
0.04,0.04,0.1,-0.008,0.02,0.07,0.587785,0.809017,-4.9538e-17,3.59915e-17
0.04,0.04,0.1,-0.008,-0.008,0.07,6.12323e-17,1,-6.12323e-17,3.7494e-33
0.04,0.04,0.1,0.012,-0.016,0.07,-0.309017,0.951057,-5.82354e-17,-1.89218e-17
0.04,0.04,0.1,0.016,-0.008,0.07,-0.309017,0.951057,-5.82354e-17,-1.89218e-17
0.04,0.04,0.1,0.04,-0.008,0.04,-0.572061,-0.415627,0.572061,0.415629
0.04,0.04,0.1,-0.016,0.008,0.07,0.951057,0.309017,1.89218e-17,5.82354e-17
0.04,0.04,0.1,-0.012,0.016,0.07,0.951057,0.309017,1.89218e-17,5.82354e-17
0.04,0.04,0.1,0.008,-0.02,0.07,-0.309017,0.951057,-5.82354e-17,-1.89218e-17
0.04,0.04,0.1,-0.012,0.016,0.07,0.809017,0.587785,3.59914e-17,4.9538e-17
0.04,0.04,0.1,0.012,-0.012,0.07,-0.587785,0.809017,-4.9538e-17,-3.59915e-17
0.04,0.04,0.1,0.012,0.012,0.07,-0.587785,0.809017,-4.9538e-17,-3.59915e-17
0.04,0.04,0.1,-0.008,-0.004,0.07,6.12323e-17,1,-6.12323e-17,3.7494e-33
0.04,0.04,0.1,0.012,-0.012,0.07,-0.309017,0.951057,-5.82354e-17,-1.89218e-17
0.04,0.04,0.1,0.016,-0.008,0.07,0.809017,-0.587785,-3.59914e-17,4.9538e-17
0.04,0.04,0.1,0.02,0,0.07,-0.309017,0.951057,-5.82354e-17,-1.89218e-17
0.04,0.04,0.1,0.04,-0.012,0.04,-0.572061,-0.415627,0.572061,0.415629
0.04,0.04,0.1,0.016,0.012,0.07,1,0,0,6.12323e-17
0.04,0.04,0.1,0.016,-0.004,0.07,-0.309017,0.951057,-5.82354e-17,-1.89218e-17
0.04,0.04,0.1,-0.02,0,0.07,0.951057,0.309017,1.89218e-17,5.82354e-17
0.04,0.04,0.1,-0.012,-0.016,0.07,0.809017,0.587785,3.59914e-17,4.9538e-17
0.04,0.04,0.1,-0.008,0.02,0.07,0.951057,0.309017,1.89218e-17,5.82354e-17
0.04,0.04,0.1,-0.016,-0.012,0.07,6.12323e-17,1,-6.12323e-17,3.7494e-33
0.04,0.04,0.1,-0.012,0.012,0.07,0.951057,0.309017,1.89218e-17,5.82354e-17
0.04,0.04,0.1,0.012,-0.008,0.07,-0.309017,0.951057,-5.82354e-17,-1.89218e-17
0.04,0.04,0.1,0.008,-0.016,0.07,-0.309017,0.951057,-5.82354e-17,-1.89218e-17
0.04,0.04,0.1,-0.012,0.012,0.07,0.809017,0.587785,3.59914e-17,4.9538e-17
0.04,0.04,0.1,-0.016,0.004,0.07,0.951057,0.309017,1.89218e-17,5.82354e-17
0.04,0.04,0.1,0.008,0.004,0.07,0.809017,-0.587785,-3.59914e-17,4.9538e-17
0.04,0.04,0.1,0.012,-0.008,0.07,-0.587785,0.809017,-4.9538e-17,-3.59915e-17
0.04,0.04,0.1,0.012,0.008,0.07,1,0,0,6.12323e-17
0.04,0.04,0.1,0.004,0.012,0.07,0.809017,-0.587785,-3.59914e-17,4.9538e-17
0.04,0.04,0.1,0.012,0.008,0.07,-0.587785,0.809017,-4.9538e-17,-3.59915e-17
0.04,0.04,0.1,0.008,-0.02,0.07,-0.587785,0.809017,-4.9538e-17,-3.59915e-17
0.04,0.04,0.1,0.04,-0.016,0.04,-0.572061,-0.415627,0.572061,0.415629
0.04,0.04,0.1,0.004,-0.02,0.07,-0.309017,0.951057,-5.82354e-17,-1.89218e-17
0.04,0.04,0.1,-0.04,-0.02,0.04,-0.415627,0.572061,-0.415627,0.572062
0.04,0.04,0.1,0.008,-0.012,0.07,-0.309017,0.951057,-5.82354e-17,-1.89218e-17
0.04,0.04,0.1,0.016,0,0.07,-0.309017,0.951057,-5.82354e-17,-1.89218e-17
0.04,0.04,0.1,0.012,-0.004,0.07,-0.309017,0.951057,-5.82354e-17,-1.89218e-17
0.04,0.04,0.1,0.02,-0.016,0.07,0.809017,-0.587785,-3.59914e-17,4.9538e-17
0.04,0.04,0.1,-0.012,0.008,0.07,0.951057,0.309017,1.89218e-17,5.82354e-17
0.04,0.04,0.1,-0.008,0.016,0.07,0.951057,0.309017,1.89218e-17,5.82354e-17
0.04,0.04,0.1,0.012,-0.004,0.07,-0.587785,0.809017,-4.9538e-17,-3.59915e-17
0.04,0.04,0.1,-0.012,0.008,0.07,0.809017,0.587785,3.59914e-17,4.9538e-17
0.04,0.04,0.1,-0.012,-0.008,0.07,6.12323e-17,1,-6.12323e-17,3.7494e-33
0.04,0.04,0.1,0.012,0.004,0.07,-0.587785,0.809017,-4.9538e-17,-3.59915e-17
0.04,0.04,0.1,-0.012,-0.012,0.07,0.809017,0.587785,3.59914e-17,4.9538e-17
0.04,0.04,0.1,0.012,-0.004,0.07,0.809017,-0.587785,-3.59914e-17,4.9538e-17
0.04,0.04,0.1,0.02,0.012,0.07,1,0,0,6.12323e-17
0.04,0.04,0.1,0.012,0,0.07,-0.587785,0.809017,-4.9538e-17,-3.59915e-17
0.04,0.04,0.1,0,0.02,0.07,0.809017,-0.587785,-3.59914e-17,4.9538e-17
0.04,0.04,0.1,0.012,0.004,0.07,1,0,0,6.12323e-17
0.04,0.04,0.1,0.008,-0.008,0.07,-0.309017,0.951057,-5.82354e-17,-1.89218e-17
0.04,0.04,0.1,0.02,0.004,0.07,-0.309017,0.951057,-5.82354e-17,-1.89218e-17
0.04,0.04,0.1,-0.016,0,0.07,0.951057,0.309017,1.89218e-17,5.82354e-17
0.04,0.04,0.1,0.004,-0.016,0.07,-0.309017,0.951057,-5.82354e-17,-1.89218e-17
0.04,0.04,0.1,-0.02,-0.004,0.07,0.951057,0.309017,1.89218e-17,5.82354e-17
0.04,0.04,0.1,-0.004,0.02,0.07,0.951057,0.309017,1.89218e-17,5.82354e-17
0.04,0.04,0.1,-0.02,-0.012,0.07,6.12323e-17,1,-6.12323e-17,3.7494e-33
0.04,0.04,0.1,-0.012,0.004,0.07,0.809017,0.587785,3.59914e-17,4.9538e-17
0.04,0.04,0.1,0.012,0,0.07,-0.309017,0.951057,-5.82354e-17,-1.89218e-17
0.04,0.04,0.1,0.04,-0.02,0.04,-0.572061,-0.415627,0.572061,0.415629
0.04,0.04,0.1,0.008,-0.004,0.07,-0.309017,0.951057,-5.82354e-17,-1.89218e-17
0.04,0.04,0.1,-0.012,0.004,0.07,0.951057,0.309017,1.89218e-17,5.82354e-17
0.04,0.04,0.1,-0.008,0.012,0.07,0.951057,0.309017,1.89218e-17,5.82354e-17
0.04,0.04,0.1,-0.012,-0.008,0.07,0.809017,0.587785,3.59914e-17,4.9538e-17
0.04,0.04,0.1,-0.012,0,0.07,0.809017,0.587785,3.59914e-17,4.9538e-17
0.04,0.04,0.1,0.004,-0.012,0.07,-0.309017,0.951057,-5.82354e-17,-1.89218e-17
0.04,0.04,0.1,0,-0.02,0.07,-0.309017,0.951057,-5.82354e-17,-1.89218e-17
0.04,0.04,0.1,-0.012,-0.004,0.07,0.809017,0.587785,3.59914e-17,4.9538e-17
0.04,0.04,0.1,0.016,0.004,0.07,-0.309017,0.951057,-5.82354e-17,-1.89218e-17
0.04,0.04,0.1,-0.04,-0.016,0.04,-0.415627,0.572061,-0.415627,0.572062
0.04,0.04,0.1,0.016,-0.012,0.07,0.809017,-0.587785,-3.59914e-17,4.9538e-17
0.04,0.04,0.1,0.016,0.008,0.07,1,0,0,6.12323e-17
0.04,0.04,0.1,-0.008,0.008,0.07,0.951057,0.309017,1.89218e-17,5.82354e-17
0.04,0.04,0.1,-0.004,0.016,0.07,0.951057,0.309017,1.89218e-17,5.82354e-17
0.04,0.04,0.1,-0.012,-0.004,0.07,6.12323e-17,1,-6.12323e-17,3.7494e-33
0.04,0.04,0.1,0,-0.016,0.07,-0.309017,0.951057,-5.82354e-17,-1.89218e-17
0.04,0.04,0.1,0.012,0.004,0.07,-0.309017,0.951057,-5.82354e-17,-1.89218e-17
0.04,0.04,0.1,-0.012,0,0.07,0.951057,0.309017,1.89218e-17,5.82354e-17
0.04,0.04,0.1,0.008,-0.016,0.07,-0.587785,0.809017,-4.9538e-17,-3.59915e-17
0.04,0.04,0.1,-0.016,-0.004,0.07,0.951057,0.309017,1.89218e-17,5.82354e-17
0.04,0.04,0.1,0,-0.012,0.07,-0.309017,0.951057,-5.82354e-17,-1.89218e-17
0.04,0.04,0.1,0.02,-0.02,0.07,0.809017,-0.587785,-3.59914e-17,4.9538e-17
0.04,0.04,0.1,-0.008,0.02,0.07,0.809017,0.587785,3.59914e-17,4.9538e-17
0.04,0.04,0.1,-0.004,-0.02,0.07,-0.309017,0.951057,-5.82354e-17,-1.89218e-17
0.04,0.04,0.1,0,0.02,0.07,0.951057,0.309017,1.89218e-17,5.82354e-17
0.04,0.04,0.1,-0.008,0.004,0.07,0.951057,0.309017,1.89218e-17,5.82354e-17
0.04,0.04,0.1,-0.016,-0.008,0.07,6.12323e-17,1,-6.12323e-17,3.7494e-33
0.04,0.04,0.1,0,0.016,0.07,0.809017,-0.587785,-3.59914e-17,4.9538e-17
0.04,0.04,0.1,0.008,0,0.07,0.809017,-0.587785,-3.59914e-17,4.9538e-17
0.04,0.04,0.1,-0.004,0.012,0.07,0.951057,0.309017,1.89218e-17,5.82354e-17
0.04,0.04,0.1,0.02,0.008,0.07,-0.309017,0.951057,-5.82354e-17,-1.89218e-17
0.04,0.04,0.1,-0.004,-0.016,0.07,-0.309017,0.951057,-5.82354e-17,-1.89218e-17
0.04,0.04,0.1,-0.02,-0.008,0.07,0.951057,0.309017,1.89218e-17,5.82354e-17
0.04,0.04,0.1,-0.04,-0.012,0.04,-0.415627,0.572061,-0.415627,0.572062
0.04,0.04,0.1,-0.012,-0.004,0.07,0.951057,0.309017,1.89218e-17,5.82354e-17
0.04,0.04,0.1,-0.008,-0.02,0.07,-0.309017,0.951057,-5.82354e-17,-1.89218e-17
0.04,0.04,0.1,0.012,0.008,0.07,-0.309017,0.951057,-5.82354e-17,-1.89218e-17
0.04,0.04,0.1,0.016,0.008,0.07,-0.309017,0.951057,-5.82354e-17,-1.89218e-17
0.04,0.04,0.1,0.016,0.004,0.07,1,0,0,6.12323e-17
0.04,0.04,0.1,-0.008,-0.016,0.07,-0.309017,0.951057,-5.82354e-17,-1.89218e-17
0.04,0.04,0.1,0,0.016,0.07,0.951057,0.309017,1.89218e-17,5.82354e-17
0.04,0.04,0.1,-0.012,-0.016,0.07,-0.309017,0.951057,-5.82354e-17,-1.89218e-17
0.04,0.04,0.1,0.02,0.008,0.07,1,0,0,6.12323e-17
0.04,0.04,0.1,0.012,-0.008,0.07,0.809017,-0.587785,-3.59914e-17,4.9538e-17
0.04,0.04,0.1,-0.02,-0.02,0.07,-0.309017,0.951057,-5.82354e-17,-1.89218e-17
0.04,0.04,0.1,-0.012,-0.02,0.07,-0.309017,0.951057,-5.82354e-17,-1.89218e-17
0.04,0.04,0.1,0.004,0.02,0.07,0.951057,0.309017,1.89218e-17,5.82354e-17
0.04,0.04,0.1,-0.016,-0.02,0.07,-0.309017,0.951057,-5.82354e-17,-1.89218e-17
0.04,0.04,0.1,-0.016,-0.008,0.07,0.951057,0.309017,1.89218e-17,5.82354e-17
0.04,0.04,0.1,0.008,-0.012,0.07,-0.587785,0.809017,-4.9538e-17,-3.59915e-17
0.04,0.04,0.1,0,0.012,0.07,0.951057,0.309017,1.89218e-17,5.82354e-17
0.04,0.04,0.1,0.004,-0.02,0.07,-0.587785,0.809017,-4.9538e-17,-3.59915e-17
0.04,0.04,0.1,-0.008,0.016,0.07,0.809017,0.587785,3.59914e-17,4.9538e-17
0.04,0.04,0.1,-0.02,-0.008,0.07,6.12323e-17,1,-6.12323e-17,3.7494e-33
0.04,0.04,0.1,0.016,-0.016,0.07,0.809017,-0.587785,-3.59914e-17,4.9538e-17
0.04,0.04,0.1,-0.016,-0.004,0.07,6.12323e-17,1,-6.12323e-17,3.7494e-33
0.04,0.04,0.1,-0.012,-0.008,0.07,0.951057,0.309017,1.89218e-17,5.82354e-17
0.04,0.04,0.1,0.004,0.016,0.07,0.951057,0.309017,1.89218e-17,5.82354e-17
0.04,0.04,0.1,-0.04,-0.008,0.04,-0.415627,0.572061,-0.415627,0.572062
0.04,0.04,0.1,0.012,0.012,0.07,-0.309017,0.951057,-5.82354e-17,-1.89218e-17
0.04,0.04,0.1,0.008,0.02,0.07,0.951057,0.309017,1.89218e-17,5.82354e-17
0.04,0.04,0.1,0.008,0.02,0.07,-0.587785,0.809017,-4.9538e-17,-3.59915e-17
0.04,0.04,0.1,0.02,0.012,0.07,-0.309017,0.951057,-5.82354e-17,-1.89218e-17
0.04,0.04,0.1,0.016,0.012,0.07,-0.309017,0.951057,-5.82354e-17,-1.89218e-17
0.04,0.04,0.1,-0.004,0.02,0.07,0.809017,-0.587785,-3.59914e-17,4.9538e-17
0.04,0.04,0.1,0.02,0.004,0.07,1,0,0,6.12323e-17
0.04,0.04,0.1,-0.02,-0.012,0.07,0.951057,0.309017,1.89218e-17,5.82354e-17
0.04,0.04,0.1,0.008,-0.008,0.07,-0.587785,0.809017,-4.9538e-17,-3.59915e-17
0.04,0.04,0.1,0.008,0.016,0.07,0.951057,0.309017,1.89218e-17,5.82354e-17
0.04,0.04,0.1,-0.008,0.012,0.07,0.809017,0.587785,3.59914e-17,4.9538e-17
0.04,0.04,0.1,0.008,-0.004,0.07,0.809017,-0.587785,-3.59914e-17,4.9538e-17
0.04,0.04,0.1,0.012,0.02,0.07,0.951057,0.309017,1.89218e-17,5.82354e-17
0.04,0.04,0.1,-0.016,-0.012,0.07,0.951057,0.309017,1.89218e-17,5.82354e-17
0.04,0.04,0.1,-0.012,-0.012,0.07,0.951057,0.309017,1.89218e-17,5.82354e-17
0.04,0.04,0.1,-0.04,-0.004,0.04,-0.415627,0.572061,-0.415627,0.572062
0.04,0.04,0.1,0.012,0.016,0.07,0.951057,0.309017,1.89218e-17,5.82354e-17
0.04,0.04,0.1,0.016,0.02,0.07,0.951057,0.309017,1.89218e-17,5.82354e-17
0.04,0.04,0.1,-0.02,-0.004,0.07,6.12323e-17,1,-6.12323e-17,3.7494e-33
0.04,0.04,0.1,0.012,-0.012,0.07,0.809017,-0.587785,-3.59914e-17,4.9538e-17
0.04,0.04,0.1,0.016,-0.02,0.07,0.809017,-0.587785,-3.59914e-17,4.9538e-17
0.04,0.04,0.1,0.02,0.02,0.07,0.951057,0.309017,1.89218e-17,5.82354e-17
0.04,0.04,0.1,0.008,0.016,0.07,-0.587785,0.809017,-4.9538e-17,-3.59915e-17
0.04,0.04,0.1,0.008,-0.004,0.07,-0.587785,0.809017,-4.9538e-17,-3.59915e-17
0.04,0.04,0.1,0.004,-0.016,0.07,-0.587785,0.809017,-4.9538e-17,-3.59915e-17
0.04,0.04,0.1,-0.008,0.008,0.07,0.809017,0.587785,3.59914e-17,4.9538e-17
0.04,0.04,0.1,-0.004,0.02,0.07,0.809017,0.587785,3.59914e-17,4.9538e-17
0.04,0.04,0.1,0.008,0,0.07,-0.587785,0.809017,-4.9538e-17,-3.59915e-17
0.04,0.04,0.1,0.008,0.012,0.07,-0.587785,0.809017,-4.9538e-17,-3.59915e-17
0.04,0.04,0.1,-0.04,0,0.04,-0.415627,0.572061,-0.415627,0.572062
0.04,0.04,0.1,-0.008,0.004,0.07,0.809017,0.587785,3.59914e-17,4.9538e-17
0.04,0.04,0.1,0.008,0.004,0.07,-0.587785,0.809017,-4.9538e-17,-3.59915e-17
0.04,0.04,0.1,0.008,0.008,0.07,-0.587785,0.809017,-4.9538e-17,-3.59915e-17
0.04,0.04,0.1,-0.008,-0.02,0.07,0.809017,0.587785,3.59914e-17,4.9538e-17
0.04,0.04,0.1,0.008,-0.008,0.07,0.809017,-0.587785,-3.59914e-17,4.9538e-17
0.04,0.04,0.1,-0.008,0,0.07,0.809017,0.587785,3.59914e-17,4.9538e-17
0.04,0.04,0.1,-0.008,-0.016,0.07,0.809017,0.587785,3.59914e-17,4.9538e-17
0.04,0.04,0.1,-0.04,0.004,0.04,-0.415627,0.572061,-0.415627,0.572062
0.04,0.04,0.1,0.012,-0.016,0.07,0.809017,-0.587785,-3.59914e-17,4.9538e-17
0.04,0.04,0.1,0.004,-0.012,0.07,-0.587785,0.809017,-4.9538e-17,-3.59915e-17
0.04,0.04,0.1,-0.008,-0.004,0.07,0.809017,0.587785,3.59914e-17,4.9538e-17
0.04,0.04,0.1,-0.004,0.016,0.07,0.809017,0.587785,3.59914e-17,4.9538e-17
0.04,0.04,0.1,-0.008,-0.012,0.07,0.809017,0.587785,3.59914e-17,4.9538e-17
0.04,0.04,0.1,-0.008,-0.008,0.07,0.809017,0.587785,3.59914e-17,4.9538e-17
0.04,0.04,0.1,-0.008,0.02,0.07,0.809017,-0.587785,-3.59914e-17,4.9538e-17
0.04,0.04,0.1,-0.04,0.008,0.04,-0.415627,0.572061,-0.415627,0.572062
0.04,0.04,0.1,0.004,-0.008,0.07,-0.587785,0.809017,-4.9538e-17,-3.59915e-17
0.04,0.04,0.1,0.012,-0.02,0.07,0.809017,-0.587785,-3.59914e-17,4.9538e-17
0.04,0.04,0.1,-0.004,0.012,0.07,0.809017,0.587785,3.59914e-17,4.9538e-17
0.04,0.04,0.1,0.008,-0.012,0.07,0.809017,-0.587785,-3.59914e-17,4.9538e-17
0.04,0.04,0.1,-0.04,0.012,0.04,-0.415627,0.572061,-0.415627,0.572062
0.04,0.04,0.1,0.004,-0.004,0.07,-0.587785,0.809017,-4.9538e-17,-3.59915e-17
0.04,0.04,0.1,-0.004,0.008,0.07,0.809017,0.587785,3.59914e-17,4.9538e-17
0.04,0.04,0.1,-0.04,0.016,0.04,-0.415627,0.572061,-0.415627,0.572062
0.04,0.04,0.1,0.004,0,0.07,-0.587785,0.809017,-4.9538e-17,-3.59915e-17
0.04,0.04,0.1,0.008,-0.016,0.07,0.809017,-0.587785,-3.59914e-17,4.9538e-17
0.04,0.04,0.1,-0.004,0.004,0.07,0.809017,0.587785,3.59914e-17,4.9538e-17
0.04,0.04,0.1,0.004,0.004,0.07,-0.587785,0.809017,-4.9538e-17,-3.59915e-17
0.04,0.04,0.1,-0.04,0.02,0.04,-0.415627,0.572061,-0.415627,0.572062
0.04,0.04,0.1,0.004,0.016,0.07,-0.587785,0.809017,-4.9538e-17,-3.59915e-17
0.04,0.04,0.1,0.004,0.008,0.07,-0.587785,0.809017,-4.9538e-17,-3.59915e-17
0.04,0.04,0.1,0.004,0.012,0.07,-0.587785,0.809017,-4.9538e-17,-3.59915e-17
0.04,0.04,0.1,-0.004,0,0.07,0.809017,0.587785,3.59914e-17,4.9538e-17
0.04,0.04,0.1,0.008,-0.02,0.07,0.809017,-0.587785,-3.59914e-17,4.9538e-17
0.04,0.04,0.1,-0.004,-0.004,0.07,0.809017,0.587785,3.59914e-17,4.9538e-17
0.04,0.04,0.1,-0.004,-0.008,0.07,0.809017,0.587785,3.59914e-17,4.9538e-17
0.04,0.04,0.1,-0.004,-0.012,0.07,0.809017,0.587785,3.59914e-17,4.9538e-17
0.04,0.04,0.1,-0.004,-0.016,0.07,0.809017,0.587785,3.59914e-17,4.9538e-17
