0.07,0.07,0.15,0.055,-0.035,-0.075,0.707106781187,-4.32977866015e-17,-0.707106781187,4.32977866015e-17
0.07,0.07,0.15,0.055,-0.035,-0.075,0.57206076594,-0.415626829946,-0.57206076594,0.415628798777
0.07,0.07,0.15,0.055,-0.035,-0.075,0.218507995317,-0.672497985586,-0.218507995317,0.672499049329
0.07,0.07,0.15,0.055,-0.035,-0.075,-0.218507995317,-0.672497985586,0.218507995317,0.672499049329
0.07,0.07,0.15,0.055,-0.035,-0.075,-0.57206076594,-0.415626829946,0.57206076594,0.415628798777
0.07,0.07,0.15,-0.055,-0.035,-0.075,0.707106781187,-4.32977866015e-17,0.707106781187,-4.32977866015e-17
0.07,0.07,0.15,-0.055,-0.035,-0.075,-0.57206076594,0.415626829946,-0.57206076594,0.415628798777
0.07,0.07,0.15,-0.055,-0.035,-0.075,-0.218507995317,0.672497985586,-0.218507995317,0.672499049329
0.07,0.07,0.15,-0.055,-0.035,-0.075,0.218507995317,0.672497985586,0.218507995317,0.672499049329
0.07,0.07,0.15,-0.055,-0.035,-0.075,0.57206076594,0.415626829946,0.57206076594,0.415628798777
0.07,0.07,0.15,0.055,-0.035,-0.045,0.707106781187,-4.32977866015e-17,-0.707106781187,4.32977866015e-17
0.07,0.07,0.15,0.055,-0.035,-0.045,0.57206076594,-0.415626829946,-0.57206076594,0.415628798777
0.07,0.07,0.15,0.055,-0.035,-0.045,0.218507995317,-0.672497985586,-0.218507995317,0.672499049329
0.07,0.07,0.15,0.055,-0.035,-0.045,-0.218507995317,-0.672497985586,0.218507995317,0.672499049329
0.07,0.07,0.15,0.055,-0.035,-0.045,-0.57206076594,-0.415626829946,0.57206076594,0.415628798777
0.07,0.07,0.15,-0.055,-0.035,-0.045,0.707106781187,-4.32977866015e-17,0.707106781187,-4.32977866015e-17
0.07,0.07,0.15,-0.055,-0.035,-0.045,-0.57206076594,0.415626829946,-0.57206076594,0.415628798777
0.07,0.07,0.15,-0.055,-0.035,-0.045,-0.218507995317,0.672497985586,-0.218507995317,0.672499049329
0.07,0.07,0.15,-0.055,-0.035,-0.045,0.218507995317,0.672497985586,0.218507995317,0.672499049329
0.07,0.07,0.15,-0.055,-0.035,-0.045,0.57206076594,0.415626829946,0.57206076594,0.415628798777
0.07,0.07,0.15,0.055,-0.035,-0.015,0.707106781187,-4.32977866015e-17,-0.707106781187,4.32977866015e-17
0.07,0.07,0.15,0.055,-0.035,-0.015,0.57206076594,-0.415626829946,-0.57206076594,0.415628798777
0.07,0.07,0.15,0.055,-0.035,-0.015,0.218507995317,-0.672497985586,-0.218507995317,0.672499049329
0.07,0.07,0.15,0.055,-0.035,-0.015,-0.218507995317,-0.672497985586,0.218507995317,0.672499049329
0.07,0.07,0.15,0.055,-0.035,-0.015,-0.57206076594,-0.415626829946,0.57206076594,0.415628798777
0.07,0.07,0.15,-0.055,-0.035,-0.015,0.707106781187,-4.32977866015e-17,0.707106781187,-4.32977866015e-17
0.07,0.07,0.15,-0.055,-0.035,-0.015,-0.57206076594,0.415626829946,-0.57206076594,0.415628798777
0.07,0.07,0.15,-0.055,-0.035,-0.015,-0.218507995317,0.672497985586,-0.218507995317,0.672499049329
0.07,0.07,0.15,-0.055,-0.035,-0.015,0.218507995317,0.672497985586,0.218507995317,0.672499049329
0.07,0.07,0.15,-0.055,-0.035,-0.015,0.57206076594,0.415626829946,0.57206076594,0.415628798777
0.07,0.07,0.15,0.055,-0.035,0.015,0.707106781187,-4.32977866015e-17,-0.707106781187,4.32977866015e-17
0.07,0.07,0.15,0.055,-0.035,0.015,0.57206076594,-0.415626829946,-0.57206076594,0.415628798777
0.07,0.07,0.15,0.055,-0.035,0.015,0.218507995317,-0.672497985586,-0.218507995317,0.672499049329
0.07,0.07,0.15,0.055,-0.035,0.015,-0.218507995317,-0.672497985586,0.218507995317,0.672499049329
0.07,0.07,0.15,0.055,-0.035,0.015,-0.57206076594,-0.415626829946,0.57206076594,0.415628798777
0.07,0.07,0.15,-0.055,-0.035,0.015,0.707106781187,-4.32977866015e-17,0.707106781187,-4.32977866015e-17
0.07,0.07,0.15,-0.055,-0.035,0.015,-0.57206076594,0.415626829946,-0.57206076594,0.415628798777
0.07,0.07,0.15,-0.055,-0.035,0.015,-0.218507995317,0.672497985586,-0.218507995317,0.672499049329
0.07,0.07,0.15,-0.055,-0.035,0.015,0.218507995317,0.672497985586,0.218507995317,0.672499049329
0.07,0.07,0.15,-0.055,-0.035,0.015,0.57206076594,0.415626829946,0.57206076594,0.415628798777
0.07,0.07,0.15,0.055,-0.035,0.045,0.707106781187,-4.32977866015e-17,-0.707106781187,4.32977866015e-17
0.07,0.07,0.15,0.055,-0.035,0.045,0.57206076594,-0.415626829946,-0.57206076594,0.415628798777
0.07,0.07,0.15,0.055,-0.035,0.045,0.218507995317,-0.672497985586,-0.218507995317,0.672499049329
0.07,0.07,0.15,0.055,-0.035,0.045,-0.218507995317,-0.672497985586,0.218507995317,0.672499049329
0.07,0.07,0.15,0.055,-0.035,0.045,-0.57206076594,-0.415626829946,0.57206076594,0.415628798777
0.07,0.07,0.15,-0.055,-0.035,0.045,0.707106781187,-4.32977866015e-17,0.707106781187,-4.32977866015e-17
0.07,0.07,0.15,-0.055,-0.035,0.045,-0.57206076594,0.415626829946,-0.57206076594,0.415628798777
0.07,0.07,0.15,-0.055,-0.035,0.045,-0.218507995317,0.672497985586,-0.218507995317,0.672499049329
0.07,0.07,0.15,-0.055,-0.035,0.045,0.218507995317,0.672497985586,0.218507995317,0.672499049329
0.07,0.07,0.15,-0.055,-0.035,0.045,0.57206076594,0.415626829946,0.57206076594,0.415628798777
0.07,0.07,0.15,0.055,-0.035,0.075,0.707106781187,-4.32977866015e-17,-0.707106781187,4.32977866015e-17
0.07,0.07,0.15,0.055,-0.035,0.075,0.57206076594,-0.415626829946,-0.57206076594,0.415628798777
0.07,0.07,0.15,0.055,-0.035,0.075,0.218507995317,-0.672497985586,-0.218507995317,0.672499049329
0.07,0.07,0.15,0.055,-0.035,0.075,-0.218507995317,-0.672497985586,0.218507995317,0.672499049329
0.07,0.07,0.15,0.055,-0.035,0.075,-0.57206076594,-0.415626829946,0.57206076594,0.415628798777
0.07,0.07,0.15,-0.055,-0.035,0.075,0.707106781187,-4.32977866015e-17,0.707106781187,-4.32977866015e-17
0.07,0.07,0.15,-0.055,-0.035,0.075,-0.57206076594,0.415626829946,-0.57206076594,0.415628798777
0.07,0.07,0.15,-0.055,-0.035,0.075,-0.218507995317,0.672497985586,-0.218507995317,0.672499049329
0.07,0.07,0.15,-0.055,-0.035,0.075,0.218507995317,0.672497985586,0.218507995317,0.672499049329
0.07,0.07,0.15,-0.055,-0.035,0.075,0.57206076594,0.415626829946,0.57206076594,0.415628798777
0.07,0.07,0.15,0.055,-0.021,-0.075,0.707106781187,-4.32977866015e-17,-0.707106781187,4.32977866015e-17
0.07,0.07,0.15,0.055,-0.021,-0.075,0.57206076594,-0.415626829946,-0.57206076594,0.415628798777
0.07,0.07,0.15,0.055,-0.021,-0.075,0.218507995317,-0.672497985586,-0.218507995317,0.672499049329
0.07,0.07,0.15,0.055,-0.021,-0.075,-0.218507995317,-0.672497985586,0.218507995317,0.672499049329
0.07,0.07,0.15,0.055,-0.021,-0.075,-0.57206076594,-0.415626829946,0.57206076594,0.415628798777
0.07,0.07,0.15,-0.055,-0.021,-0.075,0.707106781187,-4.32977866015e-17,0.707106781187,-4.32977866015e-17
0.07,0.07,0.15,-0.055,-0.021,-0.075,-0.57206076594,0.415626829946,-0.57206076594,0.415628798777
0.07,0.07,0.15,-0.055,-0.021,-0.075,-0.218507995317,0.672497985586,-0.218507995317,0.672499049329
0.07,0.07,0.15,-0.055,-0.021,-0.075,0.218507995317,0.672497985586,0.218507995317,0.672499049329
0.07,0.07,0.15,-0.055,-0.021,-0.075,0.57206076594,0.415626829946,0.57206076594,0.415628798777
0.07,0.07,0.15,0.055,-0.021,-0.045,0.707106781187,-4.32977866015e-17,-0.707106781187,4.32977866015e-17
0.07,0.07,0.15,0.055,-0.021,-0.045,0.57206076594,-0.415626829946,-0.57206076594,0.415628798777
0.07,0.07,0.15,0.055,-0.021,-0.045,0.218507995317,-0.672497985586,-0.218507995317,0.672499049329
0.07,0.07,0.15,0.055,-0.021,-0.045,-0.218507995317,-0.672497985586,0.218507995317,0.672499049329
0.07,0.07,0.15,0.055,-0.021,-0.045,-0.57206076594,-0.415626829946,0.57206076594,0.415628798777
0.07,0.07,0.15,-0.055,-0.021,-0.045,0.707106781187,-4.32977866015e-17,0.707106781187,-4.32977866015e-17
0.07,0.07,0.15,-0.055,-0.021,-0.045,-0.57206076594,0.415626829946,-0.57206076594,0.415628798777
0.07,0.07,0.15,-0.055,-0.021,-0.045,-0.218507995317,0.672497985586,-0.218507995317,0.672499049329
0.07,0.07,0.15,-0.055,-0.021,-0.045,0.218507995317,0.672497985586,0.218507995317,0.672499049329
0.07,0.07,0.15,-0.055,-0.021,-0.045,0.57206076594,0.415626829946,0.57206076594,0.415628798777
0.07,0.07,0.15,0.055,-0.021,-0.015,0.707106781187,-4.32977866015e-17,-0.707106781187,4.32977866015e-17
0.07,0.07,0.15,0.055,-0.021,-0.015,0.57206076594,-0.415626829946,-0.57206076594,0.415628798777
0.07,0.07,0.15,0.055,-0.021,-0.015,0.218507995317,-0.672497985586,-0.218507995317,0.672499049329
0.07,0.07,0.15,0.055,-0.021,-0.015,-0.218507995317,-0.672497985586,0.218507995317,0.672499049329
0.07,0.07,0.15,0.055,-0.021,-0.015,-0.57206076594,-0.415626829946,0.57206076594,0.415628798777
0.07,0.07,0.15,-0.055,-0.021,-0.015,0.707106781187,-4.32977866015e-17,0.707106781187,-4.32977866015e-17
0.07,0.07,0.15,-0.055,-0.021,-0.015,-0.57206076594,0.415626829946,-0.57206076594,0.415628798777
0.07,0.07,0.15,-0.055,-0.021,-0.015,-0.218507995317,0.672497985586,-0.218507995317,0.672499049329
0.07,0.07,0.15,-0.055,-0.021,-0.015,0.218507995317,0.672497985586,0.218507995317,0.672499049329
0.07,0.07,0.15,-0.055,-0.021,-0.015,0.57206076594,0.415626829946,0.57206076594,0.415628798777
0.07,0.07,0.15,0.055,-0.021,0.015,0.707106781187,-4.32977866015e-17,-0.707106781187,4.32977866015e-17
0.07,0.07,0.15,0.055,-0.021,0.015,0.57206076594,-0.415626829946,-0.57206076594,0.415628798777
0.07,0.07,0.15,0.055,-0.021,0.015,0.218507995317,-0.672497985586,-0.218507995317,0.672499049329
0.07,0.07,0.15,0.055,-0.021,0.015,-0.218507995317,-0.672497985586,0.218507995317,0.672499049329
0.07,0.07,0.15,0.055,-0.021,0.015,-0.57206076594,-0.415626829946,0.57206076594,0.415628798777
0.07,0.07,0.15,-0.055,-0.021,0.015,0.707106781187,-4.32977866015e-17,0.707106781187,-4.32977866015e-17
0.07,0.07,0.15,-0.055,-0.021,0.015,-0.57206076594,0.415626829946,-0.57206076594,0.415628798777
0.07,0.07,0.15,-0.055,-0.021,0.015,-0.218507995317,0.672497985586,-0.218507995317,0.672499049329
0.07,0.07,0.15,-0.055,-0.021,0.015,0.218507995317,0.672497985586,0.218507995317,0.672499049329
0.07,0.07,0.15,-0.055,-0.021,0.015,0.57206076594,0.415626829946,0.57206076594,0.415628798777
0.07,0.07,0.15,0.055,-0.021,0.045,0.707106781187,-4.32977866015e-17,-0.707106781187,4.32977866015e-17
0.07,0.07,0.15,0.055,-0.021,0.045,0.57206076594,-0.415626829946,-0.57206076594,0.415628798777
0.07,0.07,0.15,0.055,-0.021,0.045,0.218507995317,-0.672497985586,-0.218507995317,0.672499049329
0.07,0.07,0.15,0.055,-0.021,0.045,-0.218507995317,-0.672497985586,0.218507995317,0.672499049329
0.07,0.07,0.15,0.055,-0.021,0.045,-0.57206076594,-0.415626829946,0.57206076594,0.415628798777
0.07,0.07,0.15,-0.055,-0.021,0.045,0.707106781187,-4.32977866015e-17,0.707106781187,-4.32977866015e-17
0.07,0.07,0.15,-0.055,-0.021,0.045,-0.57206076594,0.415626829946,-0.57206076594,0.415628798777
0.07,0.07,0.15,-0.055,-0.021,0.045,-0.218507995317,0.672497985586,-0.218507995317,0.672499049329
0.07,0.07,0.15,-0.055,-0.021,0.045,0.218507995317,0.672497985586,0.218507995317,0.672499049329
0.07,0.07,0.15,-0.055,-0.021,0.045,0.57206076594,0.415626829946,0.57206076594,0.415628798777
0.07,0.07,0.15,0.055,-0.021,0.075,0.707106781187,-4.32977866015e-17,-0.707106781187,4.32977866015e-17
0.07,0.07,0.15,0.055,-0.021,0.075,0.57206076594,-0.415626829946,-0.57206076594,0.415628798777
0.07,0.07,0.15,0.055,-0.021,0.075,0.218507995317,-0.672497985586,-0.218507995317,0.672499049329
0.07,0.07,0.15,0.055,-0.021,0.075,-0.218507995317,-0.672497985586,0.218507995317,0.672499049329
0.07,0.07,0.15,0.055,-0.021,0.075,-0.57206076594,-0.415626829946,0.57206076594,0.415628798777
0.07,0.07,0.15,-0.055,-0.021,0.075,0.707106781187,-4.32977866015e-17,0.707106781187,-4.32977866015e-17
0.07,0.07,0.15,-0.055,-0.021,0.075,-0.57206076594,0.415626829946,-0.57206076594,0.415628798777
0.07,0.07,0.15,-0.055,-0.021,0.075,-0.218507995317,0.672497985586,-0.218507995317,0.672499049329
0.07,0.07,0.15,-0.055,-0.021,0.075,0.218507995317,0.672497985586,0.218507995317,0.672499049329
0.07,0.07,0.15,-0.055,-0.021,0.075,0.57206076594,0.415626829946,0.57206076594,0.415628798777
0.07,0.07,0.15,0.055,-0.007,-0.075,0.707106781187,-4.32977866015e-17,-0.707106781187,4.32977866015e-17
0.07,0.07,0.15,0.055,-0.007,-0.075,0.57206076594,-0.415626829946,-0.57206076594,0.415628798777
0.07,0.07,0.15,0.055,-0.007,-0.075,0.218507995317,-0.672497985586,-0.218507995317,0.672499049329
0.07,0.07,0.15,0.055,-0.007,-0.075,-0.218507995317,-0.672497985586,0.218507995317,0.672499049329
0.07,0.07,0.15,0.055,-0.007,-0.075,-0.57206076594,-0.415626829946,0.57206076594,0.415628798777
0.07,0.07,0.15,-0.055,-0.007,-0.075,0.707106781187,-4.32977866015e-17,0.707106781187,-4.32977866015e-17
0.07,0.07,0.15,-0.055,-0.007,-0.075,-0.57206076594,0.415626829946,-0.57206076594,0.415628798777
0.07,0.07,0.15,-0.055,-0.007,-0.075,-0.218507995317,0.672497985586,-0.218507995317,0.672499049329
0.07,0.07,0.15,-0.055,-0.007,-0.075,0.218507995317,0.672497985586,0.218507995317,0.672499049329
0.07,0.07,0.15,-0.055,-0.007,-0.075,0.57206076594,0.415626829946,0.57206076594,0.415628798777
0.07,0.07,0.15,0.055,-0.007,-0.045,0.707106781187,-4.32977866015e-17,-0.707106781187,4.32977866015e-17
0.07,0.07,0.15,0.055,-0.007,-0.045,0.57206076594,-0.415626829946,-0.57206076594,0.415628798777
0.07,0.07,0.15,0.055,-0.007,-0.045,0.218507995317,-0.672497985586,-0.218507995317,0.672499049329
0.07,0.07,0.15,0.055,-0.007,-0.045,-0.218507995317,-0.672497985586,0.218507995317,0.672499049329
0.07,0.07,0.15,0.055,-0.007,-0.045,-0.57206076594,-0.415626829946,0.57206076594,0.415628798777
0.07,0.07,0.15,-0.055,-0.007,-0.045,0.707106781187,-4.32977866015e-17,0.707106781187,-4.32977866015e-17
0.07,0.07,0.15,-0.055,-0.007,-0.045,-0.57206076594,0.415626829946,-0.57206076594,0.415628798777
0.07,0.07,0.15,-0.055,-0.007,-0.045,-0.218507995317,0.672497985586,-0.218507995317,0.672499049329
0.07,0.07,0.15,-0.055,-0.007,-0.045,0.218507995317,0.672497985586,0.218507995317,0.672499049329
0.07,0.07,0.15,-0.055,-0.007,-0.045,0.57206076594,0.415626829946,0.57206076594,0.415628798777
0.07,0.07,0.15,0.055,-0.007,-0.015,0.707106781187,-4.32977866015e-17,-0.707106781187,4.32977866015e-17
0.07,0.07,0.15,0.055,-0.007,-0.015,0.57206076594,-0.415626829946,-0.57206076594,0.415628798777
0.07,0.07,0.15,0.055,-0.007,-0.015,0.218507995317,-0.672497985586,-0.218507995317,0.672499049329
0.07,0.07,0.15,0.055,-0.007,-0.015,-0.218507995317,-0.672497985586,0.218507995317,0.672499049329
0.07,0.07,0.15,0.055,-0.007,-0.015,-0.57206076594,-0.415626829946,0.57206076594,0.415628798777
0.07,0.07,0.15,-0.055,-0.007,-0.015,0.707106781187,-4.32977866015e-17,0.707106781187,-4.32977866015e-17
0.07,0.07,0.15,-0.055,-0.007,-0.015,-0.57206076594,0.415626829946,-0.57206076594,0.415628798777
0.07,0.07,0.15,-0.055,-0.007,-0.015,-0.218507995317,0.672497985586,-0.218507995317,0.672499049329
0.07,0.07,0.15,-0.055,-0.007,-0.015,0.218507995317,0.672497985586,0.218507995317,0.672499049329
0.07,0.07,0.15,-0.055,-0.007,-0.015,0.57206076594,0.415626829946,0.57206076594,0.415628798777
0.07,0.07,0.15,0.055,-0.007,0.015,0.707106781187,-4.32977866015e-17,-0.707106781187,4.32977866015e-17
0.07,0.07,0.15,0.055,-0.007,0.015,0.57206076594,-0.415626829946,-0.57206076594,0.415628798777
0.07,0.07,0.15,0.055,-0.007,0.015,0.218507995317,-0.672497985586,-0.218507995317,0.672499049329
0.07,0.07,0.15,0.055,-0.007,0.015,-0.218507995317,-0.672497985586,0.218507995317,0.672499049329
0.07,0.07,0.15,0.055,-0.007,0.015,-0.57206076594,-0.415626829946,0.57206076594,0.415628798777
0.07,0.07,0.15,-0.055,-0.007,0.015,0.707106781187,-4.32977866015e-17,0.707106781187,-4.32977866015e-17
0.07,0.07,0.15,-0.055,-0.007,0.015,-0.57206076594,0.415626829946,-0.57206076594,0.415628798777
0.07,0.07,0.15,-0.055,-0.007,0.015,-0.218507995317,0.672497985586,-0.218507995317,0.672499049329
0.07,0.07,0.15,-0.055,-0.007,0.015,0.218507995317,0.672497985586,0.218507995317,0.672499049329
0.07,0.07,0.15,-0.055,-0.007,0.015,0.57206076594,0.415626829946,0.57206076594,0.415628798777
0.07,0.07,0.15,0.055,-0.007,0.045,0.707106781187,-4.32977866015e-17,-0.707106781187,4.32977866015e-17
0.07,0.07,0.15,0.055,-0.007,0.045,0.57206076594,-0.415626829946,-0.57206076594,0.415628798777
0.07,0.07,0.15,0.055,-0.007,0.045,0.218507995317,-0.672497985586,-0.218507995317,0.672499049329
0.07,0.07,0.15,0.055,-0.007,0.045,-0.218507995317,-0.672497985586,0.218507995317,0.672499049329
0.07,0.07,0.15,0.055,-0.007,0.045,-0.57206076594,-0.415626829946,0.57206076594,0.415628798777
0.07,0.07,0.15,-0.055,-0.007,0.045,0.707106781187,-4.32977866015e-17,0.707106781187,-4.32977866015e-17
0.07,0.07,0.15,-0.055,-0.007,0.045,-0.57206076594,0.415626829946,-0.57206076594,0.415628798777
0.07,0.07,0.15,-0.055,-0.007,0.045,-0.218507995317,0.672497985586,-0.218507995317,0.672499049329
0.07,0.07,0.15,-0.055,-0.007,0.045,0.218507995317,0.672497985586,0.218507995317,0.672499049329
0.07,0.07,0.15,-0.055,-0.007,0.045,0.57206076594,0.415626829946,0.57206076594,0.415628798777
0.07,0.07,0.15,0.055,-0.007,0.075,0.707106781187,-4.32977866015e-17,-0.707106781187,4.32977866015e-17
0.07,0.07,0.15,0.055,-0.007,0.075,0.57206076594,-0.415626829946,-0.57206076594,0.415628798777
0.07,0.07,0.15,0.055,-0.007,0.075,0.218507995317,-0.672497985586,-0.218507995317,0.672499049329
0.07,0.07,0.15,0.055,-0.007,0.075,-0.218507995317,-0.672497985586,0.218507995317,0.672499049329
0.07,0.07,0.15,0.055,-0.007,0.075,-0.57206076594,-0.415626829946,0.57206076594,0.415628798777
0.07,0.07,0.15,-0.055,-0.007,0.075,0.707106781187,-4.32977866015e-17,0.707106781187,-4.32977866015e-17
0.07,0.07,0.15,-0.055,-0.007,0.075,-0.57206076594,0.415626829946,-0.57206076594,0.415628798777
0.07,0.07,0.15,-0.055,-0.007,0.075,-0.218507995317,0.672497985586,-0.218507995317,0.672499049329
0.07,0.07,0.15,-0.055,-0.007,0.075,0.218507995317,0.672497985586,0.218507995317,0.672499049329
0.07,0.07,0.15,-0.055,-0.007,0.075,0.57206076594,0.415626829946,0.57206076594,0.415628798777
0.07,0.07,0.15,0.055,0.007,-0.075,0.707106781187,-4.32977866015e-17,-0.707106781187,4.32977866015e-17
0.07,0.07,0.15,0.055,0.007,-0.075,0.57206076594,-0.415626829946,-0.57206076594,0.415628798777
0.07,0.07,0.15,0.055,0.007,-0.075,0.218507995317,-0.672497985586,-0.218507995317,0.672499049329
0.07,0.07,0.15,0.055,0.007,-0.075,-0.218507995317,-0.672497985586,0.218507995317,0.672499049329
0.07,0.07,0.15,0.055,0.007,-0.075,-0.57206076594,-0.415626829946,0.57206076594,0.415628798777
0.07,0.07,0.15,-0.055,0.007,-0.075,0.707106781187,-4.32977866015e-17,0.707106781187,-4.32977866015e-17
0.07,0.07,0.15,-0.055,0.007,-0.075,-0.57206076594,0.415626829946,-0.57206076594,0.415628798777
0.07,0.07,0.15,-0.055,0.007,-0.075,-0.218507995317,0.672497985586,-0.218507995317,0.672499049329
0.07,0.07,0.15,-0.055,0.007,-0.075,0.218507995317,0.672497985586,0.218507995317,0.672499049329
0.07,0.07,0.15,-0.055,0.007,-0.075,0.57206076594,0.415626829946,0.57206076594,0.415628798777
0.07,0.07,0.15,0.055,0.007,-0.045,0.707106781187,-4.32977866015e-17,-0.707106781187,4.32977866015e-17
0.07,0.07,0.15,0.055,0.007,-0.045,0.57206076594,-0.415626829946,-0.57206076594,0.415628798777
0.07,0.07,0.15,0.055,0.007,-0.045,0.218507995317,-0.672497985586,-0.218507995317,0.672499049329
0.07,0.07,0.15,0.055,0.007,-0.045,-0.218507995317,-0.672497985586,0.218507995317,0.672499049329
0.07,0.07,0.15,0.055,0.007,-0.045,-0.57206076594,-0.415626829946,0.57206076594,0.415628798777
0.07,0.07,0.15,-0.055,0.007,-0.045,0.707106781187,-4.32977866015e-17,0.707106781187,-4.32977866015e-17
0.07,0.07,0.15,-0.055,0.007,-0.045,-0.57206076594,0.415626829946,-0.57206076594,0.415628798777
0.07,0.07,0.15,-0.055,0.007,-0.045,-0.218507995317,0.672497985586,-0.218507995317,0.672499049329
0.07,0.07,0.15,-0.055,0.007,-0.045,0.218507995317,0.672497985586,0.218507995317,0.672499049329
0.07,0.07,0.15,-0.055,0.007,-0.045,0.57206076594,0.415626829946,0.57206076594,0.415628798777
0.07,0.07,0.15,0.055,0.007,-0.015,0.707106781187,-4.32977866015e-17,-0.707106781187,4.32977866015e-17
0.07,0.07,0.15,0.055,0.007,-0.015,0.57206076594,-0.415626829946,-0.57206076594,0.415628798777
0.07,0.07,0.15,0.055,0.007,-0.015,0.218507995317,-0.672497985586,-0.218507995317,0.672499049329
0.07,0.07,0.15,0.055,0.007,-0.015,-0.218507995317,-0.672497985586,0.218507995317,0.672499049329
0.07,0.07,0.15,0.055,0.007,-0.015,-0.57206076594,-0.415626829946,0.57206076594,0.415628798777
0.07,0.07,0.15,-0.055,0.007,-0.015,0.707106781187,-4.32977866015e-17,0.707106781187,-4.32977866015e-17
0.07,0.07,0.15,-0.055,0.007,-0.015,-0.57206076594,0.415626829946,-0.57206076594,0.415628798777
0.07,0.07,0.15,-0.055,0.007,-0.015,-0.218507995317,0.672497985586,-0.218507995317,0.672499049329
0.07,0.07,0.15,-0.055,0.007,-0.015,0.218507995317,0.672497985586,0.218507995317,0.672499049329
0.07,0.07,0.15,-0.055,0.007,-0.015,0.57206076594,0.415626829946,0.57206076594,0.415628798777
0.07,0.07,0.15,0.055,0.007,0.015,0.707106781187,-4.32977866015e-17,-0.707106781187,4.32977866015e-17
0.07,0.07,0.15,0.055,0.007,0.015,0.57206076594,-0.415626829946,-0.57206076594,0.415628798777
0.07,0.07,0.15,0.055,0.007,0.015,0.218507995317,-0.672497985586,-0.218507995317,0.672499049329
0.07,0.07,0.15,0.055,0.007,0.015,-0.218507995317,-0.672497985586,0.218507995317,0.672499049329
0.07,0.07,0.15,0.055,0.007,0.015,-0.57206076594,-0.415626829946,0.57206076594,0.415628798777
0.07,0.07,0.15,-0.055,0.007,0.015,0.707106781187,-4.32977866015e-17,0.707106781187,-4.32977866015e-17
0.07,0.07,0.15,-0.055,0.007,0.015,-0.57206076594,0.415626829946,-0.57206076594,0.415628798777
0.07,0.07,0.15,-0.055,0.007,0.015,-0.218507995317,0.672497985586,-0.218507995317,0.672499049329
0.07,0.07,0.15,-0.055,0.007,0.015,0.218507995317,0.672497985586,0.218507995317,0.672499049329
0.07,0.07,0.15,-0.055,0.007,0.015,0.57206076594,0.415626829946,0.57206076594,0.415628798777
0.07,0.07,0.15,0.055,0.007,0.045,0.707106781187,-4.32977866015e-17,-0.707106781187,4.32977866015e-17
0.07,0.07,0.15,0.055,0.007,0.045,0.57206076594,-0.415626829946,-0.57206076594,0.415628798777
0.07,0.07,0.15,0.055,0.007,0.045,0.218507995317,-0.672497985586,-0.218507995317,0.672499049329
0.07,0.07,0.15,0.055,0.007,0.045,-0.218507995317,-0.672497985586,0.218507995317,0.672499049329
0.07,0.07,0.15,0.055,0.007,0.045,-0.57206076594,-0.415626829946,0.57206076594,0.415628798777
0.07,0.07,0.15,-0.055,0.007,0.045,0.707106781187,-4.32977866015e-17,0.707106781187,-4.32977866015e-17
0.07,0.07,0.15,-0.055,0.007,0.045,-0.57206076594,0.415626829946,-0.57206076594,0.415628798777
0.07,0.07,0.15,-0.055,0.007,0.045,-0.218507995317,0.672497985586,-0.218507995317,0.672499049329
0.07,0.07,0.15,-0.055,0.007,0.045,0.218507995317,0.672497985586,0.218507995317,0.672499049329
0.07,0.07,0.15,-0.055,0.007,0.045,0.57206076594,0.415626829946,0.57206076594,0.415628798777
0.07,0.07,0.15,0.055,0.007,0.075,0.707106781187,-4.32977866015e-17,-0.707106781187,4.32977866015e-17
0.07,0.07,0.15,0.055,0.007,0.075,0.57206076594,-0.415626829946,-0.57206076594,0.415628798777
0.07,0.07,0.15,0.055,0.007,0.075,0.218507995317,-0.672497985586,-0.218507995317,0.672499049329
0.07,0.07,0.15,0.055,0.007,0.075,-0.218507995317,-0.672497985586,0.218507995317,0.672499049329
0.07,0.07,0.15,0.055,0.007,0.075,-0.57206076594,-0.415626829946,0.57206076594,0.415628798777
0.07,0.07,0.15,-0.055,0.007,0.075,0.707106781187,-4.32977866015e-17,0.707106781187,-4.32977866015e-17
0.07,0.07,0.15,-0.055,0.007,0.075,-0.57206076594,0.415626829946,-0.57206076594,0.415628798777
0.07,0.07,0.15,-0.055,0.007,0.075,-0.218507995317,0.672497985586,-0.218507995317,0.672499049329
0.07,0.07,0.15,-0.055,0.007,0.075,0.218507995317,0.672497985586,0.218507995317,0.672499049329
0.07,0.07,0.15,-0.055,0.007,0.075,0.57206076594,0.415626829946,0.57206076594,0.415628798777
0.07,0.07,0.15,0.055,0.021,-0.075,0.707106781187,-4.32977866015e-17,-0.707106781187,4.32977866015e-17
0.07,0.07,0.15,0.055,0.021,-0.075,0.57206076594,-0.415626829946,-0.57206076594,0.415628798777
0.07,0.07,0.15,0.055,0.021,-0.075,0.218507995317,-0.672497985586,-0.218507995317,0.672499049329
0.07,0.07,0.15,0.055,0.021,-0.075,-0.218507995317,-0.672497985586,0.218507995317,0.672499049329
0.07,0.07,0.15,0.055,0.021,-0.075,-0.57206076594,-0.415626829946,0.57206076594,0.415628798777
0.07,0.07,0.15,-0.055,0.021,-0.075,0.707106781187,-4.32977866015e-17,0.707106781187,-4.32977866015e-17
0.07,0.07,0.15,-0.055,0.021,-0.075,-0.57206076594,0.415626829946,-0.57206076594,0.415628798777
0.07,0.07,0.15,-0.055,0.021,-0.075,-0.218507995317,0.672497985586,-0.218507995317,0.672499049329
0.07,0.07,0.15,-0.055,0.021,-0.075,0.218507995317,0.672497985586,0.218507995317,0.672499049329
0.07,0.07,0.15,-0.055,0.021,-0.075,0.57206076594,0.415626829946,0.57206076594,0.415628798777
0.07,0.07,0.15,0.055,0.021,-0.045,0.707106781187,-4.32977866015e-17,-0.707106781187,4.32977866015e-17
0.07,0.07,0.15,0.055,0.021,-0.045,0.57206076594,-0.415626829946,-0.57206076594,0.415628798777
0.07,0.07,0.15,0.055,0.021,-0.045,0.218507995317,-0.672497985586,-0.218507995317,0.672499049329
0.07,0.07,0.15,0.055,0.021,-0.045,-0.218507995317,-0.672497985586,0.218507995317,0.672499049329
0.07,0.07,0.15,0.055,0.021,-0.045,-0.57206076594,-0.415626829946,0.57206076594,0.415628798777
0.07,0.07,0.15,-0.055,0.021,-0.045,0.707106781187,-4.32977866015e-17,0.707106781187,-4.32977866015e-17
0.07,0.07,0.15,-0.055,0.021,-0.045,-0.57206076594,0.415626829946,-0.57206076594,0.415628798777
0.07,0.07,0.15,-0.055,0.021,-0.045,-0.218507995317,0.672497985586,-0.218507995317,0.672499049329
0.07,0.07,0.15,-0.055,0.021,-0.045,0.218507995317,0.672497985586,0.218507995317,0.672499049329
0.07,0.07,0.15,-0.055,0.021,-0.045,0.57206076594,0.415626829946,0.57206076594,0.415628798777
0.07,0.07,0.15,0.055,0.021,-0.015,0.707106781187,-4.32977866015e-17,-0.707106781187,4.32977866015e-17
0.07,0.07,0.15,0.055,0.021,-0.015,0.57206076594,-0.415626829946,-0.57206076594,0.415628798777
0.07,0.07,0.15,0.055,0.021,-0.015,0.218507995317,-0.672497985586,-0.218507995317,0.672499049329
0.07,0.07,0.15,0.055,0.021,-0.015,-0.218507995317,-0.672497985586,0.218507995317,0.672499049329
0.07,0.07,0.15,0.055,0.021,-0.015,-0.57206076594,-0.415626829946,0.57206076594,0.415628798777
0.07,0.07,0.15,-0.055,0.021,-0.015,0.707106781187,-4.32977866015e-17,0.707106781187,-4.32977866015e-17
0.07,0.07,0.15,-0.055,0.021,-0.015,-0.57206076594,0.415626829946,-0.57206076594,0.415628798777
0.07,0.07,0.15,-0.055,0.021,-0.015,-0.218507995317,0.672497985586,-0.218507995317,0.672499049329
0.07,0.07,0.15,-0.055,0.021,-0.015,0.218507995317,0.672497985586,0.218507995317,0.672499049329
0.07,0.07,0.15,-0.055,0.021,-0.015,0.57206076594,0.415626829946,0.57206076594,0.415628798777
0.07,0.07,0.15,0.055,0.021,0.015,0.707106781187,-4.32977866015e-17,-0.707106781187,4.32977866015e-17
0.07,0.07,0.15,0.055,0.021,0.015,0.57206076594,-0.415626829946,-0.57206076594,0.415628798777
0.07,0.07,0.15,0.055,0.021,0.015,0.218507995317,-0.672497985586,-0.218507995317,0.672499049329
0.07,0.07,0.15,0.055,0.021,0.015,-0.218507995317,-0.672497985586,0.218507995317,0.672499049329
0.07,0.07,0.15,0.055,0.021,0.015,-0.57206076594,-0.415626829946,0.57206076594,0.415628798777
0.07,0.07,0.15,-0.055,0.021,0.015,0.707106781187,-4.32977866015e-17,0.707106781187,-4.32977866015e-17
0.07,0.07,0.15,-0.055,0.021,0.015,-0.57206076594,0.415626829946,-0.57206076594,0.415628798777
0.07,0.07,0.15,-0.055,0.021,0.015,-0.218507995317,0.672497985586,-0.218507995317,0.672499049329
0.07,0.07,0.15,-0.055,0.021,0.015,0.218507995317,0.672497985586,0.218507995317,0.672499049329
0.07,0.07,0.15,-0.055,0.021,0.015,0.57206076594,0.415626829946,0.57206076594,0.415628798777
0.07,0.07,0.15,0.055,0.021,0.045,0.707106781187,-4.32977866015e-17,-0.707106781187,4.32977866015e-17
0.07,0.07,0.15,0.055,0.021,0.045,0.57206076594,-0.415626829946,-0.57206076594,0.415628798777
0.07,0.07,0.15,0.055,0.021,0.045,0.218507995317,-0.672497985586,-0.218507995317,0.672499049329
0.07,0.07,0.15,0.055,0.021,0.045,-0.218507995317,-0.672497985586,0.218507995317,0.672499049329
0.07,0.07,0.15,0.055,0.021,0.045,-0.57206076594,-0.415626829946,0.57206076594,0.415628798777
0.07,0.07,0.15,-0.055,0.021,0.045,0.707106781187,-4.32977866015e-17,0.707106781187,-4.32977866015e-17
0.07,0.07,0.15,-0.055,0.021,0.045,-0.57206076594,0.415626829946,-0.57206076594,0.415628798777
0.07,0.07,0.15,-0.055,0.021,0.045,-0.218507995317,0.672497985586,-0.218507995317,0.672499049329
0.07,0.07,0.15,-0.055,0.021,0.045,0.218507995317,0.672497985586,0.218507995317,0.672499049329
0.07,0.07,0.15,-0.055,0.021,0.045,0.57206076594,0.415626829946,0.57206076594,0.415628798777
0.07,0.07,0.15,0.055,0.021,0.075,0.707106781187,-4.32977866015e-17,-0.707106781187,4.32977866015e-17
0.07,0.07,0.15,0.055,0.021,0.075,0.57206076594,-0.415626829946,-0.57206076594,0.415628798777
0.07,0.07,0.15,0.055,0.021,0.075,0.218507995317,-0.672497985586,-0.218507995317,0.672499049329
0.07,0.07,0.15,0.055,0.021,0.075,-0.218507995317,-0.672497985586,0.218507995317,0.672499049329
0.07,0.07,0.15,0.055,0.021,0.075,-0.57206076594,-0.415626829946,0.57206076594,0.415628798777
0.07,0.07,0.15,-0.055,0.021,0.075,0.707106781187,-4.32977866015e-17,0.707106781187,-4.32977866015e-17
0.07,0.07,0.15,-0.055,0.021,0.075,-0.57206076594,0.415626829946,-0.57206076594,0.415628798777
0.07,0.07,0.15,-0.055,0.021,0.075,-0.218507995317,0.672497985586,-0.218507995317,0.672499049329
0.07,0.07,0.15,-0.055,0.021,0.075,0.218507995317,0.672497985586,0.218507995317,0.672499049329
0.07,0.07,0.15,-0.055,0.021,0.075,0.57206076594,0.415626829946,0.57206076594,0.415628798777
0.07,0.07,0.15,0.055,0.035,-0.075,0.707106781187,-4.32977866015e-17,-0.707106781187,4.32977866015e-17
0.07,0.07,0.15,0.055,0.035,-0.075,0.57206076594,-0.415626829946,-0.57206076594,0.415628798777
0.07,0.07,0.15,0.055,0.035,-0.075,0.218507995317,-0.672497985586,-0.218507995317,0.672499049329
0.07,0.07,0.15,0.055,0.035,-0.075,-0.218507995317,-0.672497985586,0.218507995317,0.672499049329
0.07,0.07,0.15,0.055,0.035,-0.075,-0.57206076594,-0.415626829946,0.57206076594,0.415628798777
0.07,0.07,0.15,-0.055,0.035,-0.075,0.707106781187,-4.32977866015e-17,0.707106781187,-4.32977866015e-17
0.07,0.07,0.15,-0.055,0.035,-0.075,-0.57206076594,0.415626829946,-0.57206076594,0.415628798777
0.07,0.07,0.15,-0.055,0.035,-0.075,-0.218507995317,0.672497985586,-0.218507995317,0.672499049329
0.07,0.07,0.15,-0.055,0.035,-0.075,0.218507995317,0.672497985586,0.218507995317,0.672499049329
0.07,0.07,0.15,-0.055,0.035,-0.075,0.57206076594,0.415626829946,0.57206076594,0.415628798777
0.07,0.07,0.15,0.055,0.035,-0.045,0.707106781187,-4.32977866015e-17,-0.707106781187,4.32977866015e-17
0.07,0.07,0.15,0.055,0.035,-0.045,0.57206076594,-0.415626829946,-0.57206076594,0.415628798777
0.07,0.07,0.15,0.055,0.035,-0.045,0.218507995317,-0.672497985586,-0.218507995317,0.672499049329
0.07,0.07,0.15,0.055,0.035,-0.045,-0.218507995317,-0.672497985586,0.218507995317,0.672499049329
0.07,0.07,0.15,0.055,0.035,-0.045,-0.57206076594,-0.415626829946,0.57206076594,0.415628798777
0.07,0.07,0.15,-0.055,0.035,-0.045,0.707106781187,-4.32977866015e-17,0.707106781187,-4.32977866015e-17
0.07,0.07,0.15,-0.055,0.035,-0.045,-0.57206076594,0.415626829946,-0.57206076594,0.415628798777
0.07,0.07,0.15,-0.055,0.035,-0.045,-0.218507995317,0.672497985586,-0.218507995317,0.672499049329
0.07,0.07,0.15,-0.055,0.035,-0.045,0.218507995317,0.672497985586,0.218507995317,0.672499049329
0.07,0.07,0.15,-0.055,0.035,-0.045,0.57206076594,0.415626829946,0.57206076594,0.415628798777
0.07,0.07,0.15,0.055,0.035,-0.015,0.707106781187,-4.32977866015e-17,-0.707106781187,4.32977866015e-17
0.07,0.07,0.15,0.055,0.035,-0.015,0.57206076594,-0.415626829946,-0.57206076594,0.415628798777
0.07,0.07,0.15,0.055,0.035,-0.015,0.218507995317,-0.672497985586,-0.218507995317,0.672499049329
0.07,0.07,0.15,0.055,0.035,-0.015,-0.218507995317,-0.672497985586,0.218507995317,0.672499049329
0.07,0.07,0.15,0.055,0.035,-0.015,-0.57206076594,-0.415626829946,0.57206076594,0.415628798777
0.07,0.07,0.15,-0.055,0.035,-0.015,0.707106781187,-4.32977866015e-17,0.707106781187,-4.32977866015e-17
0.07,0.07,0.15,-0.055,0.035,-0.015,-0.57206076594,0.415626829946,-0.57206076594,0.415628798777
0.07,0.07,0.15,-0.055,0.035,-0.015,-0.218507995317,0.672497985586,-0.218507995317,0.672499049329
0.07,0.07,0.15,-0.055,0.035,-0.015,0.218507995317,0.672497985586,0.218507995317,0.672499049329
0.07,0.07,0.15,-0.055,0.035,-0.015,0.57206076594,0.415626829946,0.57206076594,0.415628798777
0.07,0.07,0.15,0.055,0.035,0.015,0.707106781187,-4.32977866015e-17,-0.707106781187,4.32977866015e-17
0.07,0.07,0.15,0.055,0.035,0.015,0.57206076594,-0.415626829946,-0.57206076594,0.415628798777
0.07,0.07,0.15,0.055,0.035,0.015,0.218507995317,-0.672497985586,-0.218507995317,0.672499049329
0.07,0.07,0.15,0.055,0.035,0.015,-0.218507995317,-0.672497985586,0.218507995317,0.672499049329
0.07,0.07,0.15,0.055,0.035,0.015,-0.57206076594,-0.415626829946,0.57206076594,0.415628798777
0.07,0.07,0.15,-0.055,0.035,0.015,0.707106781187,-4.32977866015e-17,0.707106781187,-4.32977866015e-17
0.07,0.07,0.15,-0.055,0.035,0.015,-0.57206076594,0.415626829946,-0.57206076594,0.415628798777
0.07,0.07,0.15,-0.055,0.035,0.015,-0.218507995317,0.672497985586,-0.218507995317,0.672499049329
0.07,0.07,0.15,-0.055,0.035,0.015,0.218507995317,0.672497985586,0.218507995317,0.672499049329
0.07,0.07,0.15,-0.055,0.035,0.015,0.57206076594,0.415626829946,0.57206076594,0.415628798777
0.07,0.07,0.15,0.055,0.035,0.045,0.707106781187,-4.32977866015e-17,-0.707106781187,4.32977866015e-17
0.07,0.07,0.15,0.055,0.035,0.045,0.57206076594,-0.415626829946,-0.57206076594,0.415628798777
0.07,0.07,0.15,0.055,0.035,0.045,0.218507995317,-0.672497985586,-0.218507995317,0.672499049329
0.07,0.07,0.15,0.055,0.035,0.045,-0.218507995317,-0.672497985586,0.218507995317,0.672499049329
0.07,0.07,0.15,0.055,0.035,0.045,-0.57206076594,-0.415626829946,0.57206076594,0.415628798777
0.07,0.07,0.15,-0.055,0.035,0.045,0.707106781187,-4.32977866015e-17,0.707106781187,-4.32977866015e-17
0.07,0.07,0.15,-0.055,0.035,0.045,-0.57206076594,0.415626829946,-0.57206076594,0.415628798777
0.07,0.07,0.15,-0.055,0.035,0.045,-0.218507995317,0.672497985586,-0.218507995317,0.672499049329
0.07,0.07,0.15,-0.055,0.035,0.045,0.218507995317,0.672497985586,0.218507995317,0.672499049329
0.07,0.07,0.15,-0.055,0.035,0.045,0.57206076594,0.415626829946,0.57206076594,0.415628798777
0.07,0.07,0.15,0.055,0.035,0.075,0.707106781187,-4.32977866015e-17,-0.707106781187,4.32977866015e-17
0.07,0.07,0.15,0.055,0.035,0.075,0.57206076594,-0.415626829946,-0.57206076594,0.415628798777
0.07,0.07,0.15,0.055,0.035,0.075,0.218507995317,-0.672497985586,-0.218507995317,0.672499049329
0.07,0.07,0.15,0.055,0.035,0.075,-0.218507995317,-0.672497985586,0.218507995317,0.672499049329
0.07,0.07,0.15,0.055,0.035,0.075,-0.57206076594,-0.415626829946,0.57206076594,0.415628798777
0.07,0.07,0.15,-0.055,0.035,0.075,0.707106781187,-4.32977866015e-17,0.707106781187,-4.32977866015e-17
0.07,0.07,0.15,-0.055,0.035,0.075,-0.57206076594,0.415626829946,-0.57206076594,0.415628798777
0.07,0.07,0.15,-0.055,0.035,0.075,-0.218507995317,0.672497985586,-0.218507995317,0.672499049329
0.07,0.07,0.15,-0.055,0.035,0.075,0.218507995317,0.672497985586,0.218507995317,0.672499049329
0.07,0.07,0.15,-0.055,0.035,0.075,0.57206076594,0.415626829946,0.57206076594,0.415628798777
0.07,0.07,0.15,-0.035,0.055,-0.075,0.0,0.707106781187,-0.707106781187,4.32977866015e-17
0.07,0.07,0.15,-0.035,0.055,-0.075,0.415626829946,0.57206076594,-0.57206076594,0.415628798777
0.07,0.07,0.15,-0.035,0.055,-0.075,0.67249943784,0.218508142263,-0.218508142263,0.672497501583
0.07,0.07,0.15,-0.035,0.055,-0.075,0.67249943784,-0.218508142263,0.218508142263,0.672497501583
0.07,0.07,0.15,-0.035,0.055,-0.075,0.415626829946,-0.57206076594,0.57206076594,0.415628798777
0.07,0.07,0.15,-0.035,-0.055,-0.075,0.0,0.707106781187,0.707106781187,-4.32977866015e-17
0.07,0.07,0.15,-0.035,-0.055,-0.075,-0.415626829946,-0.57206076594,-0.57206076594,0.415628798777
0.07,0.07,0.15,-0.035,-0.055,-0.075,-0.67249943784,-0.218508142263,-0.218508142263,0.672497501583
0.07,0.07,0.15,-0.035,-0.055,-0.075,-0.67249943784,0.218508142263,0.218508142263,0.672497501583
0.07,0.07,0.15,-0.035,-0.055,-0.075,-0.415626829946,0.57206076594,0.57206076594,0.415628798777
0.07,0.07,0.15,-0.035,0.055,-0.045,0.0,0.707106781187,-0.707106781187,4.32977866015e-17
0.07,0.07,0.15,-0.035,0.055,-0.045,0.415626829946,0.57206076594,-0.57206076594,0.415628798777
0.07,0.07,0.15,-0.035,0.055,-0.045,0.67249943784,0.218508142263,-0.218508142263,0.672497501583
0.07,0.07,0.15,-0.035,0.055,-0.045,0.67249943784,-0.218508142263,0.218508142263,0.672497501583
0.07,0.07,0.15,-0.035,0.055,-0.045,0.415626829946,-0.57206076594,0.57206076594,0.415628798777
0.07,0.07,0.15,-0.035,-0.055,-0.045,0.0,0.707106781187,0.707106781187,-4.32977866015e-17
0.07,0.07,0.15,-0.035,-0.055,-0.045,-0.415626829946,-0.57206076594,-0.57206076594,0.415628798777
0.07,0.07,0.15,-0.035,-0.055,-0.045,-0.67249943784,-0.218508142263,-0.218508142263,0.672497501583
0.07,0.07,0.15,-0.035,-0.055,-0.045,-0.67249943784,0.218508142263,0.218508142263,0.672497501583
0.07,0.07,0.15,-0.035,-0.055,-0.045,-0.415626829946,0.57206076594,0.57206076594,0.415628798777
0.07,0.07,0.15,-0.035,0.055,-0.015,0.0,0.707106781187,-0.707106781187,4.32977866015e-17
0.07,0.07,0.15,-0.035,0.055,-0.015,0.415626829946,0.57206076594,-0.57206076594,0.415628798777
0.07,0.07,0.15,-0.035,0.055,-0.015,0.67249943784,0.218508142263,-0.218508142263,0.672497501583
0.07,0.07,0.15,-0.035,0.055,-0.015,0.67249943784,-0.218508142263,0.218508142263,0.672497501583
0.07,0.07,0.15,-0.035,0.055,-0.015,0.415626829946,-0.57206076594,0.57206076594,0.415628798777
0.07,0.07,0.15,-0.035,-0.055,-0.015,0.0,0.707106781187,0.707106781187,-4.32977866015e-17
0.07,0.07,0.15,-0.035,-0.055,-0.015,-0.415626829946,-0.57206076594,-0.57206076594,0.415628798777
0.07,0.07,0.15,-0.035,-0.055,-0.015,-0.67249943784,-0.218508142263,-0.218508142263,0.672497501583
0.07,0.07,0.15,-0.035,-0.055,-0.015,-0.67249943784,0.218508142263,0.218508142263,0.672497501583
0.07,0.07,0.15,-0.035,-0.055,-0.015,-0.415626829946,0.57206076594,0.57206076594,0.415628798777
0.07,0.07,0.15,-0.035,0.055,0.015,0.0,0.707106781187,-0.707106781187,4.32977866015e-17
0.07,0.07,0.15,-0.035,0.055,0.015,0.415626829946,0.57206076594,-0.57206076594,0.415628798777
0.07,0.07,0.15,-0.035,0.055,0.015,0.67249943784,0.218508142263,-0.218508142263,0.672497501583
0.07,0.07,0.15,-0.035,0.055,0.015,0.67249943784,-0.218508142263,0.218508142263,0.672497501583
0.07,0.07,0.15,-0.035,0.055,0.015,0.415626829946,-0.57206076594,0.57206076594,0.415628798777
0.07,0.07,0.15,-0.035,-0.055,0.015,0.0,0.707106781187,0.707106781187,-4.32977866015e-17
0.07,0.07,0.15,-0.035,-0.055,0.015,-0.415626829946,-0.57206076594,-0.57206076594,0.415628798777
0.07,0.07,0.15,-0.035,-0.055,0.015,-0.67249943784,-0.218508142263,-0.218508142263,0.672497501583
0.07,0.07,0.15,-0.035,-0.055,0.015,-0.67249943784,0.218508142263,0.218508142263,0.672497501583
0.07,0.07,0.15,-0.035,-0.055,0.015,-0.415626829946,0.57206076594,0.57206076594,0.415628798777
0.07,0.07,0.15,-0.035,0.055,0.045,0.0,0.707106781187,-0.707106781187,4.32977866015e-17
0.07,0.07,0.15,-0.035,0.055,0.045,0.415626829946,0.57206076594,-0.57206076594,0.415628798777
0.07,0.07,0.15,-0.035,0.055,0.045,0.67249943784,0.218508142263,-0.218508142263,0.672497501583
0.07,0.07,0.15,-0.035,0.055,0.045,0.67249943784,-0.218508142263,0.218508142263,0.672497501583
0.07,0.07,0.15,-0.035,0.055,0.045,0.415626829946,-0.57206076594,0.57206076594,0.415628798777
0.07,0.07,0.15,-0.035,-0.055,0.045,0.0,0.707106781187,0.707106781187,-4.32977866015e-17
0.07,0.07,0.15,-0.035,-0.055,0.045,-0.415626829946,-0.57206076594,-0.57206076594,0.415628798777
0.07,0.07,0.15,-0.035,-0.055,0.045,-0.67249943784,-0.218508142263,-0.218508142263,0.672497501583
0.07,0.07,0.15,-0.035,-0.055,0.045,-0.67249943784,0.218508142263,0.218508142263,0.672497501583
0.07,0.07,0.15,-0.035,-0.055,0.045,-0.415626829946,0.57206076594,0.57206076594,0.415628798777
0.07,0.07,0.15,-0.035,0.055,0.075,0.0,0.707106781187,-0.707106781187,4.32977866015e-17
0.07,0.07,0.15,-0.035,0.055,0.075,0.415626829946,0.57206076594,-0.57206076594,0.415628798777
0.07,0.07,0.15,-0.035,0.055,0.075,0.67249943784,0.218508142263,-0.218508142263,0.672497501583
0.07,0.07,0.15,-0.035,0.055,0.075,0.67249943784,-0.218508142263,0.218508142263,0.672497501583
0.07,0.07,0.15,-0.035,0.055,0.075,0.415626829946,-0.57206076594,0.57206076594,0.415628798777
0.07,0.07,0.15,-0.035,-0.055,0.075,0.0,0.707106781187,0.707106781187,-4.32977866015e-17
0.07,0.07,0.15,-0.035,-0.055,0.075,-0.415626829946,-0.57206076594,-0.57206076594,0.415628798777
0.07,0.07,0.15,-0.035,-0.055,0.075,-0.67249943784,-0.218508142263,-0.218508142263,0.672497501583
0.07,0.07,0.15,-0.035,-0.055,0.075,-0.67249943784,0.218508142263,0.218508142263,0.672497501583
0.07,0.07,0.15,-0.035,-0.055,0.075,-0.415626829946,0.57206076594,0.57206076594,0.415628798777
0.07,0.07,0.15,-0.021,0.055,-0.075,0.0,0.707106781187,-0.707106781187,4.32977866015e-17
0.07,0.07,0.15,-0.021,0.055,-0.075,0.415626829946,0.57206076594,-0.57206076594,0.415628798777
0.07,0.07,0.15,-0.021,0.055,-0.075,0.67249943784,0.218508142263,-0.218508142263,0.672497501583
0.07,0.07,0.15,-0.021,0.055,-0.075,0.67249943784,-0.218508142263,0.218508142263,0.672497501583
0.07,0.07,0.15,-0.021,0.055,-0.075,0.415626829946,-0.57206076594,0.57206076594,0.415628798777
0.07,0.07,0.15,-0.021,-0.055,-0.075,0.0,0.707106781187,0.707106781187,-4.32977866015e-17
0.07,0.07,0.15,-0.021,-0.055,-0.075,-0.415626829946,-0.57206076594,-0.57206076594,0.415628798777
0.07,0.07,0.15,-0.021,-0.055,-0.075,-0.67249943784,-0.218508142263,-0.218508142263,0.672497501583
0.07,0.07,0.15,-0.021,-0.055,-0.075,-0.67249943784,0.218508142263,0.218508142263,0.672497501583
0.07,0.07,0.15,-0.021,-0.055,-0.075,-0.415626829946,0.57206076594,0.57206076594,0.415628798777
0.07,0.07,0.15,-0.021,0.055,-0.045,0.0,0.707106781187,-0.707106781187,4.32977866015e-17
0.07,0.07,0.15,-0.021,0.055,-0.045,0.415626829946,0.57206076594,-0.57206076594,0.415628798777
0.07,0.07,0.15,-0.021,0.055,-0.045,0.67249943784,0.218508142263,-0.218508142263,0.672497501583
0.07,0.07,0.15,-0.021,0.055,-0.045,0.67249943784,-0.218508142263,0.218508142263,0.672497501583
0.07,0.07,0.15,-0.021,0.055,-0.045,0.415626829946,-0.57206076594,0.57206076594,0.415628798777
0.07,0.07,0.15,-0.021,-0.055,-0.045,0.0,0.707106781187,0.707106781187,-4.32977866015e-17
0.07,0.07,0.15,-0.021,-0.055,-0.045,-0.415626829946,-0.57206076594,-0.57206076594,0.415628798777
0.07,0.07,0.15,-0.021,-0.055,-0.045,-0.67249943784,-0.218508142263,-0.218508142263,0.672497501583
0.07,0.07,0.15,-0.021,-0.055,-0.045,-0.67249943784,0.218508142263,0.218508142263,0.672497501583
0.07,0.07,0.15,-0.021,-0.055,-0.045,-0.415626829946,0.57206076594,0.57206076594,0.415628798777
0.07,0.07,0.15,-0.021,0.055,-0.015,0.0,0.707106781187,-0.707106781187,4.32977866015e-17
0.07,0.07,0.15,-0.021,0.055,-0.015,0.415626829946,0.57206076594,-0.57206076594,0.415628798777
0.07,0.07,0.15,-0.021,0.055,-0.015,0.67249943784,0.218508142263,-0.218508142263,0.672497501583
0.07,0.07,0.15,-0.021,0.055,-0.015,0.67249943784,-0.218508142263,0.218508142263,0.672497501583
0.07,0.07,0.15,-0.021,0.055,-0.015,0.415626829946,-0.57206076594,0.57206076594,0.415628798777
0.07,0.07,0.15,-0.021,-0.055,-0.015,0.0,0.707106781187,0.707106781187,-4.32977866015e-17
0.07,0.07,0.15,-0.021,-0.055,-0.015,-0.415626829946,-0.57206076594,-0.57206076594,0.415628798777
0.07,0.07,0.15,-0.021,-0.055,-0.015,-0.67249943784,-0.218508142263,-0.218508142263,0.672497501583
0.07,0.07,0.15,-0.021,-0.055,-0.015,-0.67249943784,0.218508142263,0.218508142263,0.672497501583
0.07,0.07,0.15,-0.021,-0.055,-0.015,-0.415626829946,0.57206076594,0.57206076594,0.415628798777
0.07,0.07,0.15,-0.021,0.055,0.015,0.0,0.707106781187,-0.707106781187,4.32977866015e-17
0.07,0.07,0.15,-0.021,0.055,0.015,0.415626829946,0.57206076594,-0.57206076594,0.415628798777
0.07,0.07,0.15,-0.021,0.055,0.015,0.67249943784,0.218508142263,-0.218508142263,0.672497501583
0.07,0.07,0.15,-0.021,0.055,0.015,0.67249943784,-0.218508142263,0.218508142263,0.672497501583
0.07,0.07,0.15,-0.021,0.055,0.015,0.415626829946,-0.57206076594,0.57206076594,0.415628798777
0.07,0.07,0.15,-0.021,-0.055,0.015,0.0,0.707106781187,0.707106781187,-4.32977866015e-17
0.07,0.07,0.15,-0.021,-0.055,0.015,-0.415626829946,-0.57206076594,-0.57206076594,0.415628798777
0.07,0.07,0.15,-0.021,-0.055,0.015,-0.67249943784,-0.218508142263,-0.218508142263,0.672497501583
0.07,0.07,0.15,-0.021,-0.055,0.015,-0.67249943784,0.218508142263,0.218508142263,0.672497501583
0.07,0.07,0.15,-0.021,-0.055,0.015,-0.415626829946,0.57206076594,0.57206076594,0.415628798777
0.07,0.07,0.15,-0.021,0.055,0.045,0.0,0.707106781187,-0.707106781187,4.32977866015e-17
0.07,0.07,0.15,-0.021,0.055,0.045,0.415626829946,0.57206076594,-0.57206076594,0.415628798777
0.07,0.07,0.15,-0.021,0.055,0.045,0.67249943784,0.218508142263,-0.218508142263,0.672497501583
0.07,0.07,0.15,-0.021,0.055,0.045,0.67249943784,-0.218508142263,0.218508142263,0.672497501583
0.07,0.07,0.15,-0.021,0.055,0.045,0.415626829946,-0.57206076594,0.57206076594,0.415628798777
0.07,0.07,0.15,-0.021,-0.055,0.045,0.0,0.707106781187,0.707106781187,-4.32977866015e-17
0.07,0.07,0.15,-0.021,-0.055,0.045,-0.415626829946,-0.57206076594,-0.57206076594,0.415628798777
0.07,0.07,0.15,-0.021,-0.055,0.045,-0.67249943784,-0.218508142263,-0.218508142263,0.672497501583
0.07,0.07,0.15,-0.021,-0.055,0.045,-0.67249943784,0.218508142263,0.218508142263,0.672497501583
0.07,0.07,0.15,-0.021,-0.055,0.045,-0.415626829946,0.57206076594,0.57206076594,0.415628798777
0.07,0.07,0.15,-0.021,0.055,0.075,0.0,0.707106781187,-0.707106781187,4.32977866015e-17
0.07,0.07,0.15,-0.021,0.055,0.075,0.415626829946,0.57206076594,-0.57206076594,0.415628798777
0.07,0.07,0.15,-0.021,0.055,0.075,0.67249943784,0.218508142263,-0.218508142263,0.672497501583
0.07,0.07,0.15,-0.021,0.055,0.075,0.67249943784,-0.218508142263,0.218508142263,0.672497501583
0.07,0.07,0.15,-0.021,0.055,0.075,0.415626829946,-0.57206076594,0.57206076594,0.415628798777
0.07,0.07,0.15,-0.021,-0.055,0.075,0.0,0.707106781187,0.707106781187,-4.32977866015e-17
0.07,0.07,0.15,-0.021,-0.055,0.075,-0.415626829946,-0.57206076594,-0.57206076594,0.415628798777
0.07,0.07,0.15,-0.021,-0.055,0.075,-0.67249943784,-0.218508142263,-0.218508142263,0.672497501583
0.07,0.07,0.15,-0.021,-0.055,0.075,-0.67249943784,0.218508142263,0.218508142263,0.672497501583
0.07,0.07,0.15,-0.021,-0.055,0.075,-0.415626829946,0.57206076594,0.57206076594,0.415628798777
0.07,0.07,0.15,-0.007,0.055,-0.075,0.0,0.707106781187,-0.707106781187,4.32977866015e-17
0.07,0.07,0.15,-0.007,0.055,-0.075,0.415626829946,0.57206076594,-0.57206076594,0.415628798777
0.07,0.07,0.15,-0.007,0.055,-0.075,0.67249943784,0.218508142263,-0.218508142263,0.672497501583
0.07,0.07,0.15,-0.007,0.055,-0.075,0.67249943784,-0.218508142263,0.218508142263,0.672497501583
0.07,0.07,0.15,-0.007,0.055,-0.075,0.415626829946,-0.57206076594,0.57206076594,0.415628798777
0.07,0.07,0.15,-0.007,-0.055,-0.075,0.0,0.707106781187,0.707106781187,-4.32977866015e-17
0.07,0.07,0.15,-0.007,-0.055,-0.075,-0.415626829946,-0.57206076594,-0.57206076594,0.415628798777
0.07,0.07,0.15,-0.007,-0.055,-0.075,-0.67249943784,-0.218508142263,-0.218508142263,0.672497501583
0.07,0.07,0.15,-0.007,-0.055,-0.075,-0.67249943784,0.218508142263,0.218508142263,0.672497501583
0.07,0.07,0.15,-0.007,-0.055,-0.075,-0.415626829946,0.57206076594,0.57206076594,0.415628798777
0.07,0.07,0.15,-0.007,0.055,-0.045,0.0,0.707106781187,-0.707106781187,4.32977866015e-17
0.07,0.07,0.15,-0.007,0.055,-0.045,0.415626829946,0.57206076594,-0.57206076594,0.415628798777
0.07,0.07,0.15,-0.007,0.055,-0.045,0.67249943784,0.218508142263,-0.218508142263,0.672497501583
0.07,0.07,0.15,-0.007,0.055,-0.045,0.67249943784,-0.218508142263,0.218508142263,0.672497501583
0.07,0.07,0.15,-0.007,0.055,-0.045,0.415626829946,-0.57206076594,0.57206076594,0.415628798777
0.07,0.07,0.15,-0.007,-0.055,-0.045,0.0,0.707106781187,0.707106781187,-4.32977866015e-17
0.07,0.07,0.15,-0.007,-0.055,-0.045,-0.415626829946,-0.57206076594,-0.57206076594,0.415628798777
0.07,0.07,0.15,-0.007,-0.055,-0.045,-0.67249943784,-0.218508142263,-0.218508142263,0.672497501583
0.07,0.07,0.15,-0.007,-0.055,-0.045,-0.67249943784,0.218508142263,0.218508142263,0.672497501583
0.07,0.07,0.15,-0.007,-0.055,-0.045,-0.415626829946,0.57206076594,0.57206076594,0.415628798777
0.07,0.07,0.15,-0.007,0.055,-0.015,0.0,0.707106781187,-0.707106781187,4.32977866015e-17
0.07,0.07,0.15,-0.007,0.055,-0.015,0.415626829946,0.57206076594,-0.57206076594,0.415628798777
0.07,0.07,0.15,-0.007,0.055,-0.015,0.67249943784,0.218508142263,-0.218508142263,0.672497501583
0.07,0.07,0.15,-0.007,0.055,-0.015,0.67249943784,-0.218508142263,0.218508142263,0.672497501583
0.07,0.07,0.15,-0.007,0.055,-0.015,0.415626829946,-0.57206076594,0.57206076594,0.415628798777
0.07,0.07,0.15,-0.007,-0.055,-0.015,0.0,0.707106781187,0.707106781187,-4.32977866015e-17
0.07,0.07,0.15,-0.007,-0.055,-0.015,-0.415626829946,-0.57206076594,-0.57206076594,0.415628798777
0.07,0.07,0.15,-0.007,-0.055,-0.015,-0.67249943784,-0.218508142263,-0.218508142263,0.672497501583
0.07,0.07,0.15,-0.007,-0.055,-0.015,-0.67249943784,0.218508142263,0.218508142263,0.672497501583
0.07,0.07,0.15,-0.007,-0.055,-0.015,-0.415626829946,0.57206076594,0.57206076594,0.415628798777
0.07,0.07,0.15,-0.007,0.055,0.015,0.0,0.707106781187,-0.707106781187,4.32977866015e-17
0.07,0.07,0.15,-0.007,0.055,0.015,0.415626829946,0.57206076594,-0.57206076594,0.415628798777
0.07,0.07,0.15,-0.007,0.055,0.015,0.67249943784,0.218508142263,-0.218508142263,0.672497501583
0.07,0.07,0.15,-0.007,0.055,0.015,0.67249943784,-0.218508142263,0.218508142263,0.672497501583
0.07,0.07,0.15,-0.007,0.055,0.015,0.415626829946,-0.57206076594,0.57206076594,0.415628798777
0.07,0.07,0.15,-0.007,-0.055,0.015,0.0,0.707106781187,0.707106781187,-4.32977866015e-17
0.07,0.07,0.15,-0.007,-0.055,0.015,-0.415626829946,-0.57206076594,-0.57206076594,0.415628798777
0.07,0.07,0.15,-0.007,-0.055,0.015,-0.67249943784,-0.218508142263,-0.218508142263,0.672497501583
0.07,0.07,0.15,-0.007,-0.055,0.015,-0.67249943784,0.218508142263,0.218508142263,0.672497501583
0.07,0.07,0.15,-0.007,-0.055,0.015,-0.415626829946,0.57206076594,0.57206076594,0.415628798777
0.07,0.07,0.15,-0.007,0.055,0.045,0.0,0.707106781187,-0.707106781187,4.32977866015e-17
0.07,0.07,0.15,-0.007,0.055,0.045,0.415626829946,0.57206076594,-0.57206076594,0.415628798777
0.07,0.07,0.15,-0.007,0.055,0.045,0.67249943784,0.218508142263,-0.218508142263,0.672497501583
0.07,0.07,0.15,-0.007,0.055,0.045,0.67249943784,-0.218508142263,0.218508142263,0.672497501583
0.07,0.07,0.15,-0.007,0.055,0.045,0.415626829946,-0.57206076594,0.57206076594,0.415628798777
0.07,0.07,0.15,-0.007,-0.055,0.045,0.0,0.707106781187,0.707106781187,-4.32977866015e-17
0.07,0.07,0.15,-0.007,-0.055,0.045,-0.415626829946,-0.57206076594,-0.57206076594,0.415628798777
0.07,0.07,0.15,-0.007,-0.055,0.045,-0.67249943784,-0.218508142263,-0.218508142263,0.672497501583
0.07,0.07,0.15,-0.007,-0.055,0.045,-0.67249943784,0.218508142263,0.218508142263,0.672497501583
0.07,0.07,0.15,-0.007,-0.055,0.045,-0.415626829946,0.57206076594,0.57206076594,0.415628798777
0.07,0.07,0.15,-0.007,0.055,0.075,0.0,0.707106781187,-0.707106781187,4.32977866015e-17
0.07,0.07,0.15,-0.007,0.055,0.075,0.415626829946,0.57206076594,-0.57206076594,0.415628798777
0.07,0.07,0.15,-0.007,0.055,0.075,0.67249943784,0.218508142263,-0.218508142263,0.672497501583
0.07,0.07,0.15,-0.007,0.055,0.075,0.67249943784,-0.218508142263,0.218508142263,0.672497501583
0.07,0.07,0.15,-0.007,0.055,0.075,0.415626829946,-0.57206076594,0.57206076594,0.415628798777
0.07,0.07,0.15,-0.007,-0.055,0.075,0.0,0.707106781187,0.707106781187,-4.32977866015e-17
0.07,0.07,0.15,-0.007,-0.055,0.075,-0.415626829946,-0.57206076594,-0.57206076594,0.415628798777
0.07,0.07,0.15,-0.007,-0.055,0.075,-0.67249943784,-0.218508142263,-0.218508142263,0.672497501583
0.07,0.07,0.15,-0.007,-0.055,0.075,-0.67249943784,0.218508142263,0.218508142263,0.672497501583
0.07,0.07,0.15,-0.007,-0.055,0.075,-0.415626829946,0.57206076594,0.57206076594,0.415628798777
0.07,0.07,0.15,0.007,0.055,-0.075,0.0,0.707106781187,-0.707106781187,4.32977866015e-17
0.07,0.07,0.15,0.007,0.055,-0.075,0.415626829946,0.57206076594,-0.57206076594,0.415628798777
0.07,0.07,0.15,0.007,0.055,-0.075,0.67249943784,0.218508142263,-0.218508142263,0.672497501583
0.07,0.07,0.15,0.007,0.055,-0.075,0.67249943784,-0.218508142263,0.218508142263,0.672497501583
0.07,0.07,0.15,0.007,0.055,-0.075,0.415626829946,-0.57206076594,0.57206076594,0.415628798777
0.07,0.07,0.15,0.007,-0.055,-0.075,0.0,0.707106781187,0.707106781187,-4.32977866015e-17
0.07,0.07,0.15,0.007,-0.055,-0.075,-0.415626829946,-0.57206076594,-0.57206076594,0.415628798777
0.07,0.07,0.15,0.007,-0.055,-0.075,-0.67249943784,-0.218508142263,-0.218508142263,0.672497501583
0.07,0.07,0.15,0.007,-0.055,-0.075,-0.67249943784,0.218508142263,0.218508142263,0.672497501583
0.07,0.07,0.15,0.007,-0.055,-0.075,-0.415626829946,0.57206076594,0.57206076594,0.415628798777
0.07,0.07,0.15,0.007,0.055,-0.045,0.0,0.707106781187,-0.707106781187,4.32977866015e-17
0.07,0.07,0.15,0.007,0.055,-0.045,0.415626829946,0.57206076594,-0.57206076594,0.415628798777
0.07,0.07,0.15,0.007,0.055,-0.045,0.67249943784,0.218508142263,-0.218508142263,0.672497501583
0.07,0.07,0.15,0.007,0.055,-0.045,0.67249943784,-0.218508142263,0.218508142263,0.672497501583
0.07,0.07,0.15,0.007,0.055,-0.045,0.415626829946,-0.57206076594,0.57206076594,0.415628798777
0.07,0.07,0.15,0.007,-0.055,-0.045,0.0,0.707106781187,0.707106781187,-4.32977866015e-17
0.07,0.07,0.15,0.007,-0.055,-0.045,-0.415626829946,-0.57206076594,-0.57206076594,0.415628798777
0.07,0.07,0.15,0.007,-0.055,-0.045,-0.67249943784,-0.218508142263,-0.218508142263,0.672497501583
0.07,0.07,0.15,0.007,-0.055,-0.045,-0.67249943784,0.218508142263,0.218508142263,0.672497501583
0.07,0.07,0.15,0.007,-0.055,-0.045,-0.415626829946,0.57206076594,0.57206076594,0.415628798777
0.07,0.07,0.15,0.007,0.055,-0.015,0.0,0.707106781187,-0.707106781187,4.32977866015e-17
0.07,0.07,0.15,0.007,0.055,-0.015,0.415626829946,0.57206076594,-0.57206076594,0.415628798777
0.07,0.07,0.15,0.007,0.055,-0.015,0.67249943784,0.218508142263,-0.218508142263,0.672497501583
0.07,0.07,0.15,0.007,0.055,-0.015,0.67249943784,-0.218508142263,0.218508142263,0.672497501583
0.07,0.07,0.15,0.007,0.055,-0.015,0.415626829946,-0.57206076594,0.57206076594,0.415628798777
0.07,0.07,0.15,0.007,-0.055,-0.015,0.0,0.707106781187,0.707106781187,-4.32977866015e-17
0.07,0.07,0.15,0.007,-0.055,-0.015,-0.415626829946,-0.57206076594,-0.57206076594,0.415628798777
0.07,0.07,0.15,0.007,-0.055,-0.015,-0.67249943784,-0.218508142263,-0.218508142263,0.672497501583
0.07,0.07,0.15,0.007,-0.055,-0.015,-0.67249943784,0.218508142263,0.218508142263,0.672497501583
0.07,0.07,0.15,0.007,-0.055,-0.015,-0.415626829946,0.57206076594,0.57206076594,0.415628798777
0.07,0.07,0.15,0.007,0.055,0.015,0.0,0.707106781187,-0.707106781187,4.32977866015e-17
0.07,0.07,0.15,0.007,0.055,0.015,0.415626829946,0.57206076594,-0.57206076594,0.415628798777
0.07,0.07,0.15,0.007,0.055,0.015,0.67249943784,0.218508142263,-0.218508142263,0.672497501583
0.07,0.07,0.15,0.007,0.055,0.015,0.67249943784,-0.218508142263,0.218508142263,0.672497501583
0.07,0.07,0.15,0.007,0.055,0.015,0.415626829946,-0.57206076594,0.57206076594,0.415628798777
0.07,0.07,0.15,0.007,-0.055,0.015,0.0,0.707106781187,0.707106781187,-4.32977866015e-17
0.07,0.07,0.15,0.007,-0.055,0.015,-0.415626829946,-0.57206076594,-0.57206076594,0.415628798777
0.07,0.07,0.15,0.007,-0.055,0.015,-0.67249943784,-0.218508142263,-0.218508142263,0.672497501583
0.07,0.07,0.15,0.007,-0.055,0.015,-0.67249943784,0.218508142263,0.218508142263,0.672497501583
0.07,0.07,0.15,0.007,-0.055,0.015,-0.415626829946,0.57206076594,0.57206076594,0.415628798777
0.07,0.07,0.15,0.007,0.055,0.045,0.0,0.707106781187,-0.707106781187,4.32977866015e-17
0.07,0.07,0.15,0.007,0.055,0.045,0.415626829946,0.57206076594,-0.57206076594,0.415628798777
0.07,0.07,0.15,0.007,0.055,0.045,0.67249943784,0.218508142263,-0.218508142263,0.672497501583
0.07,0.07,0.15,0.007,0.055,0.045,0.67249943784,-0.218508142263,0.218508142263,0.672497501583
0.07,0.07,0.15,0.007,0.055,0.045,0.415626829946,-0.57206076594,0.57206076594,0.415628798777
0.07,0.07,0.15,0.007,-0.055,0.045,0.0,0.707106781187,0.707106781187,-4.32977866015e-17
0.07,0.07,0.15,0.007,-0.055,0.045,-0.415626829946,-0.57206076594,-0.57206076594,0.415628798777
0.07,0.07,0.15,0.007,-0.055,0.045,-0.67249943784,-0.218508142263,-0.218508142263,0.672497501583
0.07,0.07,0.15,0.007,-0.055,0.045,-0.67249943784,0.218508142263,0.218508142263,0.672497501583
0.07,0.07,0.15,0.007,-0.055,0.045,-0.415626829946,0.57206076594,0.57206076594,0.415628798777
0.07,0.07,0.15,0.007,0.055,0.075,0.0,0.707106781187,-0.707106781187,4.32977866015e-17
0.07,0.07,0.15,0.007,0.055,0.075,0.415626829946,0.57206076594,-0.57206076594,0.415628798777
0.07,0.07,0.15,0.007,0.055,0.075,0.67249943784,0.218508142263,-0.218508142263,0.672497501583
0.07,0.07,0.15,0.007,0.055,0.075,0.67249943784,-0.218508142263,0.218508142263,0.672497501583
0.07,0.07,0.15,0.007,0.055,0.075,0.415626829946,-0.57206076594,0.57206076594,0.415628798777
0.07,0.07,0.15,0.007,-0.055,0.075,0.0,0.707106781187,0.707106781187,-4.32977866015e-17
0.07,0.07,0.15,0.007,-0.055,0.075,-0.415626829946,-0.57206076594,-0.57206076594,0.415628798777
0.07,0.07,0.15,0.007,-0.055,0.075,-0.67249943784,-0.218508142263,-0.218508142263,0.672497501583
0.07,0.07,0.15,0.007,-0.055,0.075,-0.67249943784,0.218508142263,0.218508142263,0.672497501583
0.07,0.07,0.15,0.007,-0.055,0.075,-0.415626829946,0.57206076594,0.57206076594,0.415628798777
0.07,0.07,0.15,0.021,0.055,-0.075,0.0,0.707106781187,-0.707106781187,4.32977866015e-17
0.07,0.07,0.15,0.021,0.055,-0.075,0.415626829946,0.57206076594,-0.57206076594,0.415628798777
0.07,0.07,0.15,0.021,0.055,-0.075,0.67249943784,0.218508142263,-0.218508142263,0.672497501583
0.07,0.07,0.15,0.021,0.055,-0.075,0.67249943784,-0.218508142263,0.218508142263,0.672497501583
0.07,0.07,0.15,0.021,0.055,-0.075,0.415626829946,-0.57206076594,0.57206076594,0.415628798777
0.07,0.07,0.15,0.021,-0.055,-0.075,0.0,0.707106781187,0.707106781187,-4.32977866015e-17
0.07,0.07,0.15,0.021,-0.055,-0.075,-0.415626829946,-0.57206076594,-0.57206076594,0.415628798777
0.07,0.07,0.15,0.021,-0.055,-0.075,-0.67249943784,-0.218508142263,-0.218508142263,0.672497501583
0.07,0.07,0.15,0.021,-0.055,-0.075,-0.67249943784,0.218508142263,0.218508142263,0.672497501583
0.07,0.07,0.15,0.021,-0.055,-0.075,-0.415626829946,0.57206076594,0.57206076594,0.415628798777
0.07,0.07,0.15,0.021,0.055,-0.045,0.0,0.707106781187,-0.707106781187,4.32977866015e-17
0.07,0.07,0.15,0.021,0.055,-0.045,0.415626829946,0.57206076594,-0.57206076594,0.415628798777
0.07,0.07,0.15,0.021,0.055,-0.045,0.67249943784,0.218508142263,-0.218508142263,0.672497501583
0.07,0.07,0.15,0.021,0.055,-0.045,0.67249943784,-0.218508142263,0.218508142263,0.672497501583
0.07,0.07,0.15,0.021,0.055,-0.045,0.415626829946,-0.57206076594,0.57206076594,0.415628798777
0.07,0.07,0.15,0.021,-0.055,-0.045,0.0,0.707106781187,0.707106781187,-4.32977866015e-17
0.07,0.07,0.15,0.021,-0.055,-0.045,-0.415626829946,-0.57206076594,-0.57206076594,0.415628798777
0.07,0.07,0.15,0.021,-0.055,-0.045,-0.67249943784,-0.218508142263,-0.218508142263,0.672497501583
0.07,0.07,0.15,0.021,-0.055,-0.045,-0.67249943784,0.218508142263,0.218508142263,0.672497501583
0.07,0.07,0.15,0.021,-0.055,-0.045,-0.415626829946,0.57206076594,0.57206076594,0.415628798777
0.07,0.07,0.15,0.021,0.055,-0.015,0.0,0.707106781187,-0.707106781187,4.32977866015e-17
0.07,0.07,0.15,0.021,0.055,-0.015,0.415626829946,0.57206076594,-0.57206076594,0.415628798777
0.07,0.07,0.15,0.021,0.055,-0.015,0.67249943784,0.218508142263,-0.218508142263,0.672497501583
0.07,0.07,0.15,0.021,0.055,-0.015,0.67249943784,-0.218508142263,0.218508142263,0.672497501583
0.07,0.07,0.15,0.021,0.055,-0.015,0.415626829946,-0.57206076594,0.57206076594,0.415628798777
0.07,0.07,0.15,0.021,-0.055,-0.015,0.0,0.707106781187,0.707106781187,-4.32977866015e-17
0.07,0.07,0.15,0.021,-0.055,-0.015,-0.415626829946,-0.57206076594,-0.57206076594,0.415628798777
0.07,0.07,0.15,0.021,-0.055,-0.015,-0.67249943784,-0.218508142263,-0.218508142263,0.672497501583
0.07,0.07,0.15,0.021,-0.055,-0.015,-0.67249943784,0.218508142263,0.218508142263,0.672497501583
0.07,0.07,0.15,0.021,-0.055,-0.015,-0.415626829946,0.57206076594,0.57206076594,0.415628798777
0.07,0.07,0.15,0.021,0.055,0.015,0.0,0.707106781187,-0.707106781187,4.32977866015e-17
0.07,0.07,0.15,0.021,0.055,0.015,0.415626829946,0.57206076594,-0.57206076594,0.415628798777
0.07,0.07,0.15,0.021,0.055,0.015,0.67249943784,0.218508142263,-0.218508142263,0.672497501583
0.07,0.07,0.15,0.021,0.055,0.015,0.67249943784,-0.218508142263,0.218508142263,0.672497501583
0.07,0.07,0.15,0.021,0.055,0.015,0.415626829946,-0.57206076594,0.57206076594,0.415628798777
0.07,0.07,0.15,0.021,-0.055,0.015,0.0,0.707106781187,0.707106781187,-4.32977866015e-17
0.07,0.07,0.15,0.021,-0.055,0.015,-0.415626829946,-0.57206076594,-0.57206076594,0.415628798777
0.07,0.07,0.15,0.021,-0.055,0.015,-0.67249943784,-0.218508142263,-0.218508142263,0.672497501583
0.07,0.07,0.15,0.021,-0.055,0.015,-0.67249943784,0.218508142263,0.218508142263,0.672497501583
0.07,0.07,0.15,0.021,-0.055,0.015,-0.415626829946,0.57206076594,0.57206076594,0.415628798777
0.07,0.07,0.15,0.021,0.055,0.045,0.0,0.707106781187,-0.707106781187,4.32977866015e-17
0.07,0.07,0.15,0.021,0.055,0.045,0.415626829946,0.57206076594,-0.57206076594,0.415628798777
0.07,0.07,0.15,0.021,0.055,0.045,0.67249943784,0.218508142263,-0.218508142263,0.672497501583
0.07,0.07,0.15,0.021,0.055,0.045,0.67249943784,-0.218508142263,0.218508142263,0.672497501583
0.07,0.07,0.15,0.021,0.055,0.045,0.415626829946,-0.57206076594,0.57206076594,0.415628798777
0.07,0.07,0.15,0.021,-0.055,0.045,0.0,0.707106781187,0.707106781187,-4.32977866015e-17
0.07,0.07,0.15,0.021,-0.055,0.045,-0.415626829946,-0.57206076594,-0.57206076594,0.415628798777
0.07,0.07,0.15,0.021,-0.055,0.045,-0.67249943784,-0.218508142263,-0.218508142263,0.672497501583
0.07,0.07,0.15,0.021,-0.055,0.045,-0.67249943784,0.218508142263,0.218508142263,0.672497501583
0.07,0.07,0.15,0.021,-0.055,0.045,-0.415626829946,0.57206076594,0.57206076594,0.415628798777
0.07,0.07,0.15,0.021,0.055,0.075,0.0,0.707106781187,-0.707106781187,4.32977866015e-17
0.07,0.07,0.15,0.021,0.055,0.075,0.415626829946,0.57206076594,-0.57206076594,0.415628798777
0.07,0.07,0.15,0.021,0.055,0.075,0.67249943784,0.218508142263,-0.218508142263,0.672497501583
0.07,0.07,0.15,0.021,0.055,0.075,0.67249943784,-0.218508142263,0.218508142263,0.672497501583
0.07,0.07,0.15,0.021,0.055,0.075,0.415626829946,-0.57206076594,0.57206076594,0.415628798777
0.07,0.07,0.15,0.021,-0.055,0.075,0.0,0.707106781187,0.707106781187,-4.32977866015e-17
0.07,0.07,0.15,0.021,-0.055,0.075,-0.415626829946,-0.57206076594,-0.57206076594,0.415628798777
0.07,0.07,0.15,0.021,-0.055,0.075,-0.67249943784,-0.218508142263,-0.218508142263,0.672497501583
0.07,0.07,0.15,0.021,-0.055,0.075,-0.67249943784,0.218508142263,0.218508142263,0.672497501583
0.07,0.07,0.15,0.021,-0.055,0.075,-0.415626829946,0.57206076594,0.57206076594,0.415628798777
0.07,0.07,0.15,0.035,0.055,-0.075,0.0,0.707106781187,-0.707106781187,4.32977866015e-17
0.07,0.07,0.15,0.035,0.055,-0.075,0.415626829946,0.57206076594,-0.57206076594,0.415628798777
0.07,0.07,0.15,0.035,0.055,-0.075,0.67249943784,0.218508142263,-0.218508142263,0.672497501583
0.07,0.07,0.15,0.035,0.055,-0.075,0.67249943784,-0.218508142263,0.218508142263,0.672497501583
0.07,0.07,0.15,0.035,0.055,-0.075,0.415626829946,-0.57206076594,0.57206076594,0.415628798777
0.07,0.07,0.15,0.035,-0.055,-0.075,0.0,0.707106781187,0.707106781187,-4.32977866015e-17
0.07,0.07,0.15,0.035,-0.055,-0.075,-0.415626829946,-0.57206076594,-0.57206076594,0.415628798777
0.07,0.07,0.15,0.035,-0.055,-0.075,-0.67249943784,-0.218508142263,-0.218508142263,0.672497501583
0.07,0.07,0.15,0.035,-0.055,-0.075,-0.67249943784,0.218508142263,0.218508142263,0.672497501583
0.07,0.07,0.15,0.035,-0.055,-0.075,-0.415626829946,0.57206076594,0.57206076594,0.415628798777
0.07,0.07,0.15,0.035,0.055,-0.045,0.0,0.707106781187,-0.707106781187,4.32977866015e-17
0.07,0.07,0.15,0.035,0.055,-0.045,0.415626829946,0.57206076594,-0.57206076594,0.415628798777
0.07,0.07,0.15,0.035,0.055,-0.045,0.67249943784,0.218508142263,-0.218508142263,0.672497501583
0.07,0.07,0.15,0.035,0.055,-0.045,0.67249943784,-0.218508142263,0.218508142263,0.672497501583
0.07,0.07,0.15,0.035,0.055,-0.045,0.415626829946,-0.57206076594,0.57206076594,0.415628798777
0.07,0.07,0.15,0.035,-0.055,-0.045,0.0,0.707106781187,0.707106781187,-4.32977866015e-17
0.07,0.07,0.15,0.035,-0.055,-0.045,-0.415626829946,-0.57206076594,-0.57206076594,0.415628798777
0.07,0.07,0.15,0.035,-0.055,-0.045,-0.67249943784,-0.218508142263,-0.218508142263,0.672497501583
0.07,0.07,0.15,0.035,-0.055,-0.045,-0.67249943784,0.218508142263,0.218508142263,0.672497501583
0.07,0.07,0.15,0.035,-0.055,-0.045,-0.415626829946,0.57206076594,0.57206076594,0.415628798777
0.07,0.07,0.15,0.035,0.055,-0.015,0.0,0.707106781187,-0.707106781187,4.32977866015e-17
0.07,0.07,0.15,0.035,0.055,-0.015,0.415626829946,0.57206076594,-0.57206076594,0.415628798777
0.07,0.07,0.15,0.035,0.055,-0.015,0.67249943784,0.218508142263,-0.218508142263,0.672497501583
0.07,0.07,0.15,0.035,0.055,-0.015,0.67249943784,-0.218508142263,0.218508142263,0.672497501583
0.07,0.07,0.15,0.035,0.055,-0.015,0.415626829946,-0.57206076594,0.57206076594,0.415628798777
0.07,0.07,0.15,0.035,-0.055,-0.015,0.0,0.707106781187,0.707106781187,-4.32977866015e-17
0.07,0.07,0.15,0.035,-0.055,-0.015,-0.415626829946,-0.57206076594,-0.57206076594,0.415628798777
0.07,0.07,0.15,0.035,-0.055,-0.015,-0.67249943784,-0.218508142263,-0.218508142263,0.672497501583
0.07,0.07,0.15,0.035,-0.055,-0.015,-0.67249943784,0.218508142263,0.218508142263,0.672497501583
0.07,0.07,0.15,0.035,-0.055,-0.015,-0.415626829946,0.57206076594,0.57206076594,0.415628798777
0.07,0.07,0.15,0.035,0.055,0.015,0.0,0.707106781187,-0.707106781187,4.32977866015e-17
0.07,0.07,0.15,0.035,0.055,0.015,0.415626829946,0.57206076594,-0.57206076594,0.415628798777
0.07,0.07,0.15,0.035,0.055,0.015,0.67249943784,0.218508142263,-0.218508142263,0.672497501583
0.07,0.07,0.15,0.035,0.055,0.015,0.67249943784,-0.218508142263,0.218508142263,0.672497501583
0.07,0.07,0.15,0.035,0.055,0.015,0.415626829946,-0.57206076594,0.57206076594,0.415628798777
0.07,0.07,0.15,0.035,-0.055,0.015,0.0,0.707106781187,0.707106781187,-4.32977866015e-17
0.07,0.07,0.15,0.035,-0.055,0.015,-0.415626829946,-0.57206076594,-0.57206076594,0.415628798777
0.07,0.07,0.15,0.035,-0.055,0.015,-0.67249943784,-0.218508142263,-0.218508142263,0.672497501583
0.07,0.07,0.15,0.035,-0.055,0.015,-0.67249943784,0.218508142263,0.218508142263,0.672497501583
0.07,0.07,0.15,0.035,-0.055,0.015,-0.415626829946,0.57206076594,0.57206076594,0.415628798777
0.07,0.07,0.15,0.035,0.055,0.045,0.0,0.707106781187,-0.707106781187,4.32977866015e-17
0.07,0.07,0.15,0.035,0.055,0.045,0.415626829946,0.57206076594,-0.57206076594,0.415628798777
0.07,0.07,0.15,0.035,0.055,0.045,0.67249943784,0.218508142263,-0.218508142263,0.672497501583
0.07,0.07,0.15,0.035,0.055,0.045,0.67249943784,-0.218508142263,0.218508142263,0.672497501583
0.07,0.07,0.15,0.035,0.055,0.045,0.415626829946,-0.57206076594,0.57206076594,0.415628798777
0.07,0.07,0.15,0.035,-0.055,0.045,0.0,0.707106781187,0.707106781187,-4.32977866015e-17
0.07,0.07,0.15,0.035,-0.055,0.045,-0.415626829946,-0.57206076594,-0.57206076594,0.415628798777
0.07,0.07,0.15,0.035,-0.055,0.045,-0.67249943784,-0.218508142263,-0.218508142263,0.672497501583
0.07,0.07,0.15,0.035,-0.055,0.045,-0.67249943784,0.218508142263,0.218508142263,0.672497501583
0.07,0.07,0.15,0.035,-0.055,0.045,-0.415626829946,0.57206076594,0.57206076594,0.415628798777
0.07,0.07,0.15,0.035,0.055,0.075,0.0,0.707106781187,-0.707106781187,4.32977866015e-17
0.07,0.07,0.15,0.035,0.055,0.075,0.415626829946,0.57206076594,-0.57206076594,0.415628798777
0.07,0.07,0.15,0.035,0.055,0.075,0.67249943784,0.218508142263,-0.218508142263,0.672497501583
0.07,0.07,0.15,0.035,0.055,0.075,0.67249943784,-0.218508142263,0.218508142263,0.672497501583
0.07,0.07,0.15,0.035,0.055,0.075,0.415626829946,-0.57206076594,0.57206076594,0.415628798777
0.07,0.07,0.15,0.035,-0.055,0.075,0.0,0.707106781187,0.707106781187,-4.32977866015e-17
0.07,0.07,0.15,0.035,-0.055,0.075,-0.415626829946,-0.57206076594,-0.57206076594,0.415628798777
0.07,0.07,0.15,0.035,-0.055,0.075,-0.67249943784,-0.218508142263,-0.218508142263,0.672497501583
0.07,0.07,0.15,0.035,-0.055,0.075,-0.67249943784,0.218508142263,0.218508142263,0.672497501583
0.07,0.07,0.15,0.035,-0.055,0.075,-0.415626829946,0.57206076594,0.57206076594,0.415628798777
0.07,0.07,0.15,-0.035,-0.035,0.095,6.12323e-17,1.0,-6.12323e-17,3.7494e-33
0.07,0.07,0.15,-0.035,-0.035,0.095,0.58778508449,0.809017116291,-4.95380071207e-17,3.59915051735e-17
0.07,0.07,0.15,-0.035,-0.035,0.095,0.951056560832,0.309016857306,1.9198840415e-23,5.82353731087e-17
0.07,0.07,0.15,-0.035,-0.035,0.095,0.951056560832,-0.309016857306,-1.9198840415e-23,5.82353731087e-17
0.07,0.07,0.15,-0.035,-0.035,0.095,-0.58778508449,0.809017116291,-4.95380071207e-17,-3.59915051735e-17
0.07,0.07,0.15,-0.035,-0.035,-0.095,0.0,0.0,1.0,-6.12323e-17
0.07,0.07,0.15,-0.035,-0.035,-0.095,0.0,0.0,-0.809016883709,0.587785404611
0.07,0.07,0.15,-0.035,-0.035,-0.095,0.0,0.0,-0.309017142694,0.951056468103
0.07,0.07,0.15,-0.035,-0.035,-0.095,0.0,0.0,0.309017142694,0.951056468103
0.07,0.07,0.15,-0.035,-0.035,-0.095,0.0,0.0,0.809016883709,0.587785404611
0.07,0.07,0.15,-0.035,-0.021,0.095,6.12323e-17,1.0,-6.12323e-17,3.7494e-33
0.07,0.07,0.15,-0.035,-0.021,0.095,0.58778508449,0.809017116291,-4.95380071207e-17,3.59915051735e-17
0.07,0.07,0.15,-0.035,-0.021,0.095,0.951056560832,0.309016857306,1.9198840415e-23,5.82353731087e-17
0.07,0.07,0.15,-0.035,-0.021,0.095,0.951056560832,-0.309016857306,-1.9198840415e-23,5.82353731087e-17
0.07,0.07,0.15,-0.035,-0.021,0.095,-0.58778508449,0.809017116291,-4.95380071207e-17,-3.59915051735e-17
0.07,0.07,0.15,-0.035,-0.021,-0.095,0.0,0.0,1.0,-6.12323e-17
0.07,0.07,0.15,-0.035,-0.021,-0.095,0.0,0.0,-0.809016883709,0.587785404611
0.07,0.07,0.15,-0.035,-0.021,-0.095,0.0,0.0,-0.309017142694,0.951056468103
0.07,0.07,0.15,-0.035,-0.021,-0.095,0.0,0.0,0.309017142694,0.951056468103
0.07,0.07,0.15,-0.035,-0.021,-0.095,0.0,0.0,0.809016883709,0.587785404611
0.07,0.07,0.15,-0.035,-0.007,0.095,6.12323e-17,1.0,-6.12323e-17,3.7494e-33
0.07,0.07,0.15,-0.035,-0.007,0.095,0.58778508449,0.809017116291,-4.95380071207e-17,3.59915051735e-17
0.07,0.07,0.15,-0.035,-0.007,0.095,0.951056560832,0.309016857306,1.9198840415e-23,5.82353731087e-17
0.07,0.07,0.15,-0.035,-0.007,0.095,0.951056560832,-0.309016857306,-1.9198840415e-23,5.82353731087e-17
0.07,0.07,0.15,-0.035,-0.007,0.095,-0.58778508449,0.809017116291,-4.95380071207e-17,-3.59915051735e-17
0.07,0.07,0.15,-0.035,-0.007,-0.095,0.0,0.0,1.0,-6.12323e-17
0.07,0.07,0.15,-0.035,-0.007,-0.095,0.0,0.0,-0.809016883709,0.587785404611
0.07,0.07,0.15,-0.035,-0.007,-0.095,0.0,0.0,-0.309017142694,0.951056468103
0.07,0.07,0.15,-0.035,-0.007,-0.095,0.0,0.0,0.309017142694,0.951056468103
0.07,0.07,0.15,-0.035,-0.007,-0.095,0.0,0.0,0.809016883709,0.587785404611
0.07,0.07,0.15,-0.035,0.007,0.095,6.12323e-17,1.0,-6.12323e-17,3.7494e-33
0.07,0.07,0.15,-0.035,0.007,0.095,0.58778508449,0.809017116291,-4.95380071207e-17,3.59915051735e-17
0.07,0.07,0.15,-0.035,0.007,0.095,0.951056560832,0.309016857306,1.9198840415e-23,5.82353731087e-17
0.07,0.07,0.15,-0.035,0.007,0.095,0.951056560832,-0.309016857306,-1.9198840415e-23,5.82353731087e-17
0.07,0.07,0.15,-0.035,0.007,0.095,-0.58778508449,0.809017116291,-4.95380071207e-17,-3.59915051735e-17
0.07,0.07,0.15,-0.035,0.007,-0.095,0.0,0.0,1.0,-6.12323e-17
0.07,0.07,0.15,-0.035,0.007,-0.095,0.0,0.0,-0.809016883709,0.587785404611
0.07,0.07,0.15,-0.035,0.007,-0.095,0.0,0.0,-0.309017142694,0.951056468103
0.07,0.07,0.15,-0.035,0.007,-0.095,0.0,0.0,0.309017142694,0.951056468103
0.07,0.07,0.15,-0.035,0.007,-0.095,0.0,0.0,0.809016883709,0.587785404611
0.07,0.07,0.15,-0.035,0.021,0.095,6.12323e-17,1.0,-6.12323e-17,3.7494e-33
0.07,0.07,0.15,-0.035,0.021,0.095,0.58778508449,0.809017116291,-4.95380071207e-17,3.59915051735e-17
0.07,0.07,0.15,-0.035,0.021,0.095,0.951056560832,0.309016857306,1.9198840415e-23,5.82353731087e-17
0.07,0.07,0.15,-0.035,0.021,0.095,0.951056560832,-0.309016857306,-1.9198840415e-23,5.82353731087e-17
0.07,0.07,0.15,-0.035,0.021,0.095,-0.58778508449,0.809017116291,-4.95380071207e-17,-3.59915051735e-17
0.07,0.07,0.15,-0.035,0.021,-0.095,0.0,0.0,1.0,-6.12323e-17
0.07,0.07,0.15,-0.035,0.021,-0.095,0.0,0.0,-0.809016883709,0.587785404611
0.07,0.07,0.15,-0.035,0.021,-0.095,0.0,0.0,-0.309017142694,0.951056468103
0.07,0.07,0.15,-0.035,0.021,-0.095,0.0,0.0,0.309017142694,0.951056468103
0.07,0.07,0.15,-0.035,0.021,-0.095,0.0,0.0,0.809016883709,0.587785404611
0.07,0.07,0.15,-0.035,0.035,0.095,6.12323e-17,1.0,-6.12323e-17,3.7494e-33
0.07,0.07,0.15,-0.035,0.035,0.095,0.58778508449,0.809017116291,-4.95380071207e-17,3.59915051735e-17
0.07,0.07,0.15,-0.035,0.035,0.095,0.951056560832,0.309016857306,1.9198840415e-23,5.82353731087e-17
0.07,0.07,0.15,-0.035,0.035,0.095,0.951056560832,-0.309016857306,-1.9198840415e-23,5.82353731087e-17
0.07,0.07,0.15,-0.035,0.035,0.095,-0.58778508449,0.809017116291,-4.95380071207e-17,-3.59915051735e-17
0.07,0.07,0.15,-0.035,0.035,-0.095,0.0,0.0,1.0,-6.12323e-17
0.07,0.07,0.15,-0.035,0.035,-0.095,0.0,0.0,-0.809016883709,0.587785404611
0.07,0.07,0.15,-0.035,0.035,-0.095,0.0,0.0,-0.309017142694,0.951056468103
0.07,0.07,0.15,-0.035,0.035,-0.095,0.0,0.0,0.309017142694,0.951056468103
0.07,0.07,0.15,-0.035,0.035,-0.095,0.0,0.0,0.809016883709,0.587785404611
0.07,0.07,0.15,-0.021,-0.035,0.095,6.12323e-17,1.0,-6.12323e-17,3.7494e-33
0.07,0.07,0.15,-0.021,-0.035,0.095,0.58778508449,0.809017116291,-4.95380071207e-17,3.59915051735e-17
0.07,0.07,0.15,-0.021,-0.035,0.095,0.951056560832,0.309016857306,1.9198840415e-23,5.82353731087e-17
0.07,0.07,0.15,-0.021,-0.035,0.095,0.951056560832,-0.309016857306,-1.9198840415e-23,5.82353731087e-17
0.07,0.07,0.15,-0.021,-0.035,0.095,-0.58778508449,0.809017116291,-4.95380071207e-17,-3.59915051735e-17
0.07,0.07,0.15,-0.021,-0.035,-0.095,0.0,0.0,1.0,-6.12323e-17
0.07,0.07,0.15,-0.021,-0.035,-0.095,0.0,0.0,-0.809016883709,0.587785404611
0.07,0.07,0.15,-0.021,-0.035,-0.095,0.0,0.0,-0.309017142694,0.951056468103
0.07,0.07,0.15,-0.021,-0.035,-0.095,0.0,0.0,0.309017142694,0.951056468103
0.07,0.07,0.15,-0.021,-0.035,-0.095,0.0,0.0,0.809016883709,0.587785404611
0.07,0.07,0.15,-0.021,-0.021,0.095,6.12323e-17,1.0,-6.12323e-17,3.7494e-33
0.07,0.07,0.15,-0.021,-0.021,0.095,0.58778508449,0.809017116291,-4.95380071207e-17,3.59915051735e-17
0.07,0.07,0.15,-0.021,-0.021,0.095,0.951056560832,0.309016857306,1.9198840415e-23,5.82353731087e-17
0.07,0.07,0.15,-0.021,-0.021,0.095,0.951056560832,-0.309016857306,-1.9198840415e-23,5.82353731087e-17
0.07,0.07,0.15,-0.021,-0.021,0.095,-0.58778508449,0.809017116291,-4.95380071207e-17,-3.59915051735e-17
0.07,0.07,0.15,-0.021,-0.021,-0.095,0.0,0.0,1.0,-6.12323e-17
0.07,0.07,0.15,-0.021,-0.021,-0.095,0.0,0.0,-0.809016883709,0.587785404611
0.07,0.07,0.15,-0.021,-0.021,-0.095,0.0,0.0,-0.309017142694,0.951056468103
0.07,0.07,0.15,-0.021,-0.021,-0.095,0.0,0.0,0.309017142694,0.951056468103
0.07,0.07,0.15,-0.021,-0.021,-0.095,0.0,0.0,0.809016883709,0.587785404611
0.07,0.07,0.15,-0.021,-0.007,0.095,6.12323e-17,1.0,-6.12323e-17,3.7494e-33
0.07,0.07,0.15,-0.021,-0.007,0.095,0.58778508449,0.809017116291,-4.95380071207e-17,3.59915051735e-17
0.07,0.07,0.15,-0.021,-0.007,0.095,0.951056560832,0.309016857306,1.9198840415e-23,5.82353731087e-17
0.07,0.07,0.15,-0.021,-0.007,0.095,0.951056560832,-0.309016857306,-1.9198840415e-23,5.82353731087e-17
0.07,0.07,0.15,-0.021,-0.007,0.095,-0.58778508449,0.809017116291,-4.95380071207e-17,-3.59915051735e-17
0.07,0.07,0.15,-0.021,-0.007,-0.095,0.0,0.0,1.0,-6.12323e-17
0.07,0.07,0.15,-0.021,-0.007,-0.095,0.0,0.0,-0.809016883709,0.587785404611
0.07,0.07,0.15,-0.021,-0.007,-0.095,0.0,0.0,-0.309017142694,0.951056468103
0.07,0.07,0.15,-0.021,-0.007,-0.095,0.0,0.0,0.309017142694,0.951056468103
0.07,0.07,0.15,-0.021,-0.007,-0.095,0.0,0.0,0.809016883709,0.587785404611
0.07,0.07,0.15,-0.021,0.007,0.095,6.12323e-17,1.0,-6.12323e-17,3.7494e-33
0.07,0.07,0.15,-0.021,0.007,0.095,0.58778508449,0.809017116291,-4.95380071207e-17,3.59915051735e-17
0.07,0.07,0.15,-0.021,0.007,0.095,0.951056560832,0.309016857306,1.9198840415e-23,5.82353731087e-17
0.07,0.07,0.15,-0.021,0.007,0.095,0.951056560832,-0.309016857306,-1.9198840415e-23,5.82353731087e-17
0.07,0.07,0.15,-0.021,0.007,0.095,-0.58778508449,0.809017116291,-4.95380071207e-17,-3.59915051735e-17
0.07,0.07,0.15,-0.021,0.007,-0.095,0.0,0.0,1.0,-6.12323e-17
0.07,0.07,0.15,-0.021,0.007,-0.095,0.0,0.0,-0.809016883709,0.587785404611
0.07,0.07,0.15,-0.021,0.007,-0.095,0.0,0.0,-0.309017142694,0.951056468103
0.07,0.07,0.15,-0.021,0.007,-0.095,0.0,0.0,0.309017142694,0.951056468103
0.07,0.07,0.15,-0.021,0.007,-0.095,0.0,0.0,0.809016883709,0.587785404611
0.07,0.07,0.15,-0.021,0.021,0.095,6.12323e-17,1.0,-6.12323e-17,3.7494e-33
0.07,0.07,0.15,-0.021,0.021,0.095,0.58778508449,0.809017116291,-4.95380071207e-17,3.59915051735e-17
0.07,0.07,0.15,-0.021,0.021,0.095,0.951056560832,0.309016857306,1.9198840415e-23,5.82353731087e-17
0.07,0.07,0.15,-0.021,0.021,0.095,0.951056560832,-0.309016857306,-1.9198840415e-23,5.82353731087e-17
0.07,0.07,0.15,-0.021,0.021,0.095,-0.58778508449,0.809017116291,-4.95380071207e-17,-3.59915051735e-17
0.07,0.07,0.15,-0.021,0.021,-0.095,0.0,0.0,1.0,-6.12323e-17
0.07,0.07,0.15,-0.021,0.021,-0.095,0.0,0.0,-0.809016883709,0.587785404611
0.07,0.07,0.15,-0.021,0.021,-0.095,0.0,0.0,-0.309017142694,0.951056468103
0.07,0.07,0.15,-0.021,0.021,-0.095,0.0,0.0,0.309017142694,0.951056468103
0.07,0.07,0.15,-0.021,0.021,-0.095,0.0,0.0,0.809016883709,0.587785404611
0.07,0.07,0.15,-0.021,0.035,0.095,6.12323e-17,1.0,-6.12323e-17,3.7494e-33
0.07,0.07,0.15,-0.021,0.035,0.095,0.58778508449,0.809017116291,-4.95380071207e-17,3.59915051735e-17
0.07,0.07,0.15,-0.021,0.035,0.095,0.951056560832,0.309016857306,1.9198840415e-23,5.82353731087e-17
0.07,0.07,0.15,-0.021,0.035,0.095,0.951056560832,-0.309016857306,-1.9198840415e-23,5.82353731087e-17
0.07,0.07,0.15,-0.021,0.035,0.095,-0.58778508449,0.809017116291,-4.95380071207e-17,-3.59915051735e-17
0.07,0.07,0.15,-0.021,0.035,-0.095,0.0,0.0,1.0,-6.12323e-17
0.07,0.07,0.15,-0.021,0.035,-0.095,0.0,0.0,-0.809016883709,0.587785404611
0.07,0.07,0.15,-0.021,0.035,-0.095,0.0,0.0,-0.309017142694,0.951056468103
0.07,0.07,0.15,-0.021,0.035,-0.095,0.0,0.0,0.309017142694,0.951056468103
0.07,0.07,0.15,-0.021,0.035,-0.095,0.0,0.0,0.809016883709,0.587785404611
0.07,0.07,0.15,-0.007,-0.035,0.095,6.12323e-17,1.0,-6.12323e-17,3.7494e-33
0.07,0.07,0.15,-0.007,-0.035,0.095,0.58778508449,0.809017116291,-4.95380071207e-17,3.59915051735e-17
0.07,0.07,0.15,-0.007,-0.035,0.095,0.951056560832,0.309016857306,1.9198840415e-23,5.82353731087e-17
0.07,0.07,0.15,-0.007,-0.035,0.095,0.951056560832,-0.309016857306,-1.9198840415e-23,5.82353731087e-17
0.07,0.07,0.15,-0.007,-0.035,0.095,-0.58778508449,0.809017116291,-4.95380071207e-17,-3.59915051735e-17
0.07,0.07,0.15,-0.007,-0.035,-0.095,0.0,0.0,1.0,-6.12323e-17
0.07,0.07,0.15,-0.007,-0.035,-0.095,0.0,0.0,-0.809016883709,0.587785404611
0.07,0.07,0.15,-0.007,-0.035,-0.095,0.0,0.0,-0.309017142694,0.951056468103
0.07,0.07,0.15,-0.007,-0.035,-0.095,0.0,0.0,0.309017142694,0.951056468103
0.07,0.07,0.15,-0.007,-0.035,-0.095,0.0,0.0,0.809016883709,0.587785404611
0.07,0.07,0.15,-0.007,-0.021,0.095,6.12323e-17,1.0,-6.12323e-17,3.7494e-33
0.07,0.07,0.15,-0.007,-0.021,0.095,0.58778508449,0.809017116291,-4.95380071207e-17,3.59915051735e-17
0.07,0.07,0.15,-0.007,-0.021,0.095,0.951056560832,0.309016857306,1.9198840415e-23,5.82353731087e-17
0.07,0.07,0.15,-0.007,-0.021,0.095,0.951056560832,-0.309016857306,-1.9198840415e-23,5.82353731087e-17
0.07,0.07,0.15,-0.007,-0.021,0.095,-0.58778508449,0.809017116291,-4.95380071207e-17,-3.59915051735e-17
0.07,0.07,0.15,-0.007,-0.021,-0.095,0.0,0.0,1.0,-6.12323e-17
0.07,0.07,0.15,-0.007,-0.021,-0.095,0.0,0.0,-0.809016883709,0.587785404611
0.07,0.07,0.15,-0.007,-0.021,-0.095,0.0,0.0,-0.309017142694,0.951056468103
0.07,0.07,0.15,-0.007,-0.021,-0.095,0.0,0.0,0.309017142694,0.951056468103
0.07,0.07,0.15,-0.007,-0.021,-0.095,0.0,0.0,0.809016883709,0.587785404611
0.07,0.07,0.15,-0.007,-0.007,0.095,6.12323e-17,1.0,-6.12323e-17,3.7494e-33
0.07,0.07,0.15,-0.007,-0.007,0.095,0.58778508449,0.809017116291,-4.95380071207e-17,3.59915051735e-17
0.07,0.07,0.15,-0.007,-0.007,0.095,0.951056560832,0.309016857306,1.9198840415e-23,5.82353731087e-17
0.07,0.07,0.15,-0.007,-0.007,0.095,0.951056560832,-0.309016857306,-1.9198840415e-23,5.82353731087e-17
0.07,0.07,0.15,-0.007,-0.007,0.095,-0.58778508449,0.809017116291,-4.95380071207e-17,-3.59915051735e-17
0.07,0.07,0.15,-0.007,-0.007,-0.095,0.0,0.0,1.0,-6.12323e-17
0.07,0.07,0.15,-0.007,-0.007,-0.095,0.0,0.0,-0.809016883709,0.587785404611
0.07,0.07,0.15,-0.007,-0.007,-0.095,0.0,0.0,-0.309017142694,0.951056468103
0.07,0.07,0.15,-0.007,-0.007,-0.095,0.0,0.0,0.309017142694,0.951056468103
0.07,0.07,0.15,-0.007,-0.007,-0.095,0.0,0.0,0.809016883709,0.587785404611
0.07,0.07,0.15,-0.007,0.007,0.095,6.12323e-17,1.0,-6.12323e-17,3.7494e-33
0.07,0.07,0.15,-0.007,0.007,0.095,0.58778508449,0.809017116291,-4.95380071207e-17,3.59915051735e-17
0.07,0.07,0.15,-0.007,0.007,0.095,0.951056560832,0.309016857306,1.9198840415e-23,5.82353731087e-17
0.07,0.07,0.15,-0.007,0.007,0.095,0.951056560832,-0.309016857306,-1.9198840415e-23,5.82353731087e-17
0.07,0.07,0.15,-0.007,0.007,0.095,-0.58778508449,0.809017116291,-4.95380071207e-17,-3.59915051735e-17
0.07,0.07,0.15,-0.007,0.007,-0.095,0.0,0.0,1.0,-6.12323e-17
0.07,0.07,0.15,-0.007,0.007,-0.095,0.0,0.0,-0.809016883709,0.587785404611
0.07,0.07,0.15,-0.007,0.007,-0.095,0.0,0.0,-0.309017142694,0.951056468103
0.07,0.07,0.15,-0.007,0.007,-0.095,0.0,0.0,0.309017142694,0.951056468103
0.07,0.07,0.15,-0.007,0.007,-0.095,0.0,0.0,0.809016883709,0.587785404611
0.07,0.07,0.15,-0.007,0.021,0.095,6.12323e-17,1.0,-6.12323e-17,3.7494e-33
0.07,0.07,0.15,-0.007,0.021,0.095,0.58778508449,0.809017116291,-4.95380071207e-17,3.59915051735e-17
0.07,0.07,0.15,-0.007,0.021,0.095,0.951056560832,0.309016857306,1.9198840415e-23,5.82353731087e-17
0.07,0.07,0.15,-0.007,0.021,0.095,0.951056560832,-0.309016857306,-1.9198840415e-23,5.82353731087e-17
0.07,0.07,0.15,-0.007,0.021,0.095,-0.58778508449,0.809017116291,-4.95380071207e-17,-3.59915051735e-17
0.07,0.07,0.15,-0.007,0.021,-0.095,0.0,0.0,1.0,-6.12323e-17
0.07,0.07,0.15,-0.007,0.021,-0.095,0.0,0.0,-0.809016883709,0.587785404611
0.07,0.07,0.15,-0.007,0.021,-0.095,0.0,0.0,-0.309017142694,0.951056468103
0.07,0.07,0.15,-0.007,0.021,-0.095,0.0,0.0,0.309017142694,0.951056468103
0.07,0.07,0.15,-0.007,0.021,-0.095,0.0,0.0,0.809016883709,0.587785404611
0.07,0.07,0.15,-0.007,0.035,0.095,6.12323e-17,1.0,-6.12323e-17,3.7494e-33
0.07,0.07,0.15,-0.007,0.035,0.095,0.58778508449,0.809017116291,-4.95380071207e-17,3.59915051735e-17
0.07,0.07,0.15,-0.007,0.035,0.095,0.951056560832,0.309016857306,1.9198840415e-23,5.82353731087e-17
0.07,0.07,0.15,-0.007,0.035,0.095,0.951056560832,-0.309016857306,-1.9198840415e-23,5.82353731087e-17
0.07,0.07,0.15,-0.007,0.035,0.095,-0.58778508449,0.809017116291,-4.95380071207e-17,-3.59915051735e-17
0.07,0.07,0.15,-0.007,0.035,-0.095,0.0,0.0,1.0,-6.12323e-17
0.07,0.07,0.15,-0.007,0.035,-0.095,0.0,0.0,-0.809016883709,0.587785404611
0.07,0.07,0.15,-0.007,0.035,-0.095,0.0,0.0,-0.309017142694,0.951056468103
0.07,0.07,0.15,-0.007,0.035,-0.095,0.0,0.0,0.309017142694,0.951056468103
0.07,0.07,0.15,-0.007,0.035,-0.095,0.0,0.0,0.809016883709,0.587785404611
0.07,0.07,0.15,0.007,-0.035,0.095,6.12323e-17,1.0,-6.12323e-17,3.7494e-33
0.07,0.07,0.15,0.007,-0.035,0.095,0.58778508449,0.809017116291,-4.95380071207e-17,3.59915051735e-17
0.07,0.07,0.15,0.007,-0.035,0.095,0.951056560832,0.309016857306,1.9198840415e-23,5.82353731087e-17
0.07,0.07,0.15,0.007,-0.035,0.095,0.951056560832,-0.309016857306,-1.9198840415e-23,5.82353731087e-17
0.07,0.07,0.15,0.007,-0.035,0.095,-0.58778508449,0.809017116291,-4.95380071207e-17,-3.59915051735e-17
0.07,0.07,0.15,0.007,-0.035,-0.095,0.0,0.0,1.0,-6.12323e-17
0.07,0.07,0.15,0.007,-0.035,-0.095,0.0,0.0,-0.809016883709,0.587785404611
0.07,0.07,0.15,0.007,-0.035,-0.095,0.0,0.0,-0.309017142694,0.951056468103
0.07,0.07,0.15,0.007,-0.035,-0.095,0.0,0.0,0.309017142694,0.951056468103
0.07,0.07,0.15,0.007,-0.035,-0.095,0.0,0.0,0.809016883709,0.587785404611
0.07,0.07,0.15,0.007,-0.021,0.095,6.12323e-17,1.0,-6.12323e-17,3.7494e-33
0.07,0.07,0.15,0.007,-0.021,0.095,0.58778508449,0.809017116291,-4.95380071207e-17,3.59915051735e-17
0.07,0.07,0.15,0.007,-0.021,0.095,0.951056560832,0.309016857306,1.9198840415e-23,5.82353731087e-17
0.07,0.07,0.15,0.007,-0.021,0.095,0.951056560832,-0.309016857306,-1.9198840415e-23,5.82353731087e-17
0.07,0.07,0.15,0.007,-0.021,0.095,-0.58778508449,0.809017116291,-4.95380071207e-17,-3.59915051735e-17
0.07,0.07,0.15,0.007,-0.021,-0.095,0.0,0.0,1.0,-6.12323e-17
0.07,0.07,0.15,0.007,-0.021,-0.095,0.0,0.0,-0.809016883709,0.587785404611
0.07,0.07,0.15,0.007,-0.021,-0.095,0.0,0.0,-0.309017142694,0.951056468103
0.07,0.07,0.15,0.007,-0.021,-0.095,0.0,0.0,0.309017142694,0.951056468103
0.07,0.07,0.15,0.007,-0.021,-0.095,0.0,0.0,0.809016883709,0.587785404611
0.07,0.07,0.15,0.007,-0.007,0.095,6.12323e-17,1.0,-6.12323e-17,3.7494e-33
0.07,0.07,0.15,0.007,-0.007,0.095,0.58778508449,0.809017116291,-4.95380071207e-17,3.59915051735e-17
0.07,0.07,0.15,0.007,-0.007,0.095,0.951056560832,0.309016857306,1.9198840415e-23,5.82353731087e-17
0.07,0.07,0.15,0.007,-0.007,0.095,0.951056560832,-0.309016857306,-1.9198840415e-23,5.82353731087e-17
0.07,0.07,0.15,0.007,-0.007,0.095,-0.58778508449,0.809017116291,-4.95380071207e-17,-3.59915051735e-17
0.07,0.07,0.15,0.007,-0.007,-0.095,0.0,0.0,1.0,-6.12323e-17
0.07,0.07,0.15,0.007,-0.007,-0.095,0.0,0.0,-0.809016883709,0.587785404611
0.07,0.07,0.15,0.007,-0.007,-0.095,0.0,0.0,-0.309017142694,0.951056468103
0.07,0.07,0.15,0.007,-0.007,-0.095,0.0,0.0,0.309017142694,0.951056468103
0.07,0.07,0.15,0.007,-0.007,-0.095,0.0,0.0,0.809016883709,0.587785404611
0.07,0.07,0.15,0.007,0.007,0.095,6.12323e-17,1.0,-6.12323e-17,3.7494e-33
0.07,0.07,0.15,0.007,0.007,0.095,0.58778508449,0.809017116291,-4.95380071207e-17,3.59915051735e-17
0.07,0.07,0.15,0.007,0.007,0.095,0.951056560832,0.309016857306,1.9198840415e-23,5.82353731087e-17
0.07,0.07,0.15,0.007,0.007,0.095,0.951056560832,-0.309016857306,-1.9198840415e-23,5.82353731087e-17
0.07,0.07,0.15,0.007,0.007,0.095,-0.58778508449,0.809017116291,-4.95380071207e-17,-3.59915051735e-17
0.07,0.07,0.15,0.007,0.007,-0.095,0.0,0.0,1.0,-6.12323e-17
0.07,0.07,0.15,0.007,0.007,-0.095,0.0,0.0,-0.809016883709,0.587785404611
0.07,0.07,0.15,0.007,0.007,-0.095,0.0,0.0,-0.309017142694,0.951056468103
0.07,0.07,0.15,0.007,0.007,-0.095,0.0,0.0,0.309017142694,0.951056468103
0.07,0.07,0.15,0.007,0.007,-0.095,0.0,0.0,0.809016883709,0.587785404611
0.07,0.07,0.15,0.007,0.021,0.095,6.12323e-17,1.0,-6.12323e-17,3.7494e-33
0.07,0.07,0.15,0.007,0.021,0.095,0.58778508449,0.809017116291,-4.95380071207e-17,3.59915051735e-17
0.07,0.07,0.15,0.007,0.021,0.095,0.951056560832,0.309016857306,1.9198840415e-23,5.82353731087e-17
0.07,0.07,0.15,0.007,0.021,0.095,0.951056560832,-0.309016857306,-1.9198840415e-23,5.82353731087e-17
0.07,0.07,0.15,0.007,0.021,0.095,-0.58778508449,0.809017116291,-4.95380071207e-17,-3.59915051735e-17
0.07,0.07,0.15,0.007,0.021,-0.095,0.0,0.0,1.0,-6.12323e-17
0.07,0.07,0.15,0.007,0.021,-0.095,0.0,0.0,-0.809016883709,0.587785404611
0.07,0.07,0.15,0.007,0.021,-0.095,0.0,0.0,-0.309017142694,0.951056468103
0.07,0.07,0.15,0.007,0.021,-0.095,0.0,0.0,0.309017142694,0.951056468103
0.07,0.07,0.15,0.007,0.021,-0.095,0.0,0.0,0.809016883709,0.587785404611
0.07,0.07,0.15,0.007,0.035,0.095,6.12323e-17,1.0,-6.12323e-17,3.7494e-33
0.07,0.07,0.15,0.007,0.035,0.095,0.58778508449,0.809017116291,-4.95380071207e-17,3.59915051735e-17
0.07,0.07,0.15,0.007,0.035,0.095,0.951056560832,0.309016857306,1.9198840415e-23,5.82353731087e-17
0.07,0.07,0.15,0.007,0.035,0.095,0.951056560832,-0.309016857306,-1.9198840415e-23,5.82353731087e-17
0.07,0.07,0.15,0.007,0.035,0.095,-0.58778508449,0.809017116291,-4.95380071207e-17,-3.59915051735e-17
0.07,0.07,0.15,0.007,0.035,-0.095,0.0,0.0,1.0,-6.12323e-17
0.07,0.07,0.15,0.007,0.035,-0.095,0.0,0.0,-0.809016883709,0.587785404611
0.07,0.07,0.15,0.007,0.035,-0.095,0.0,0.0,-0.309017142694,0.951056468103
0.07,0.07,0.15,0.007,0.035,-0.095,0.0,0.0,0.309017142694,0.951056468103
0.07,0.07,0.15,0.007,0.035,-0.095,0.0,0.0,0.809016883709,0.587785404611
0.07,0.07,0.15,0.021,-0.035,0.095,6.12323e-17,1.0,-6.12323e-17,3.7494e-33
0.07,0.07,0.15,0.021,-0.035,0.095,0.58778508449,0.809017116291,-4.95380071207e-17,3.59915051735e-17
0.07,0.07,0.15,0.021,-0.035,0.095,0.951056560832,0.309016857306,1.9198840415e-23,5.82353731087e-17
0.07,0.07,0.15,0.021,-0.035,0.095,0.951056560832,-0.309016857306,-1.9198840415e-23,5.82353731087e-17
0.07,0.07,0.15,0.021,-0.035,0.095,-0.58778508449,0.809017116291,-4.95380071207e-17,-3.59915051735e-17
0.07,0.07,0.15,0.021,-0.035,-0.095,0.0,0.0,1.0,-6.12323e-17
0.07,0.07,0.15,0.021,-0.035,-0.095,0.0,0.0,-0.809016883709,0.587785404611
0.07,0.07,0.15,0.021,-0.035,-0.095,0.0,0.0,-0.309017142694,0.951056468103
0.07,0.07,0.15,0.021,-0.035,-0.095,0.0,0.0,0.309017142694,0.951056468103
0.07,0.07,0.15,0.021,-0.035,-0.095,0.0,0.0,0.809016883709,0.587785404611
0.07,0.07,0.15,0.021,-0.021,0.095,6.12323e-17,1.0,-6.12323e-17,3.7494e-33
0.07,0.07,0.15,0.021,-0.021,0.095,0.58778508449,0.809017116291,-4.95380071207e-17,3.59915051735e-17
0.07,0.07,0.15,0.021,-0.021,0.095,0.951056560832,0.309016857306,1.9198840415e-23,5.82353731087e-17
0.07,0.07,0.15,0.021,-0.021,0.095,0.951056560832,-0.309016857306,-1.9198840415e-23,5.82353731087e-17
0.07,0.07,0.15,0.021,-0.021,0.095,-0.58778508449,0.809017116291,-4.95380071207e-17,-3.59915051735e-17
0.07,0.07,0.15,0.021,-0.021,-0.095,0.0,0.0,1.0,-6.12323e-17
0.07,0.07,0.15,0.021,-0.021,-0.095,0.0,0.0,-0.809016883709,0.587785404611
0.07,0.07,0.15,0.021,-0.021,-0.095,0.0,0.0,-0.309017142694,0.951056468103
0.07,0.07,0.15,0.021,-0.021,-0.095,0.0,0.0,0.309017142694,0.951056468103
0.07,0.07,0.15,0.021,-0.021,-0.095,0.0,0.0,0.809016883709,0.587785404611
0.07,0.07,0.15,0.021,-0.007,0.095,6.12323e-17,1.0,-6.12323e-17,3.7494e-33
0.07,0.07,0.15,0.021,-0.007,0.095,0.58778508449,0.809017116291,-4.95380071207e-17,3.59915051735e-17
0.07,0.07,0.15,0.021,-0.007,0.095,0.951056560832,0.309016857306,1.9198840415e-23,5.82353731087e-17
0.07,0.07,0.15,0.021,-0.007,0.095,0.951056560832,-0.309016857306,-1.9198840415e-23,5.82353731087e-17
0.07,0.07,0.15,0.021,-0.007,0.095,-0.58778508449,0.809017116291,-4.95380071207e-17,-3.59915051735e-17
0.07,0.07,0.15,0.021,-0.007,-0.095,0.0,0.0,1.0,-6.12323e-17
0.07,0.07,0.15,0.021,-0.007,-0.095,0.0,0.0,-0.809016883709,0.587785404611
0.07,0.07,0.15,0.021,-0.007,-0.095,0.0,0.0,-0.309017142694,0.951056468103
0.07,0.07,0.15,0.021,-0.007,-0.095,0.0,0.0,0.309017142694,0.951056468103
0.07,0.07,0.15,0.021,-0.007,-0.095,0.0,0.0,0.809016883709,0.587785404611
0.07,0.07,0.15,0.021,0.007,0.095,6.12323e-17,1.0,-6.12323e-17,3.7494e-33
0.07,0.07,0.15,0.021,0.007,0.095,0.58778508449,0.809017116291,-4.95380071207e-17,3.59915051735e-17
0.07,0.07,0.15,0.021,0.007,0.095,0.951056560832,0.309016857306,1.9198840415e-23,5.82353731087e-17
0.07,0.07,0.15,0.021,0.007,0.095,0.951056560832,-0.309016857306,-1.9198840415e-23,5.82353731087e-17
0.07,0.07,0.15,0.021,0.007,0.095,-0.58778508449,0.809017116291,-4.95380071207e-17,-3.59915051735e-17
0.07,0.07,0.15,0.021,0.007,-0.095,0.0,0.0,1.0,-6.12323e-17
0.07,0.07,0.15,0.021,0.007,-0.095,0.0,0.0,-0.809016883709,0.587785404611
0.07,0.07,0.15,0.021,0.007,-0.095,0.0,0.0,-0.309017142694,0.951056468103
0.07,0.07,0.15,0.021,0.007,-0.095,0.0,0.0,0.309017142694,0.951056468103
0.07,0.07,0.15,0.021,0.007,-0.095,0.0,0.0,0.809016883709,0.587785404611
0.07,0.07,0.15,0.021,0.021,0.095,6.12323e-17,1.0,-6.12323e-17,3.7494e-33
0.07,0.07,0.15,0.021,0.021,0.095,0.58778508449,0.809017116291,-4.95380071207e-17,3.59915051735e-17
0.07,0.07,0.15,0.021,0.021,0.095,0.951056560832,0.309016857306,1.9198840415e-23,5.82353731087e-17
0.07,0.07,0.15,0.021,0.021,0.095,0.951056560832,-0.309016857306,-1.9198840415e-23,5.82353731087e-17
0.07,0.07,0.15,0.021,0.021,0.095,-0.58778508449,0.809017116291,-4.95380071207e-17,-3.59915051735e-17
0.07,0.07,0.15,0.021,0.021,-0.095,0.0,0.0,1.0,-6.12323e-17
0.07,0.07,0.15,0.021,0.021,-0.095,0.0,0.0,-0.809016883709,0.587785404611
0.07,0.07,0.15,0.021,0.021,-0.095,0.0,0.0,-0.309017142694,0.951056468103
0.07,0.07,0.15,0.021,0.021,-0.095,0.0,0.0,0.309017142694,0.951056468103
0.07,0.07,0.15,0.021,0.021,-0.095,0.0,0.0,0.809016883709,0.587785404611
0.07,0.07,0.15,0.021,0.035,0.095,6.12323e-17,1.0,-6.12323e-17,3.7494e-33
0.07,0.07,0.15,0.021,0.035,0.095,0.58778508449,0.809017116291,-4.95380071207e-17,3.59915051735e-17
0.07,0.07,0.15,0.021,0.035,0.095,0.951056560832,0.309016857306,1.9198840415e-23,5.82353731087e-17
0.07,0.07,0.15,0.021,0.035,0.095,0.951056560832,-0.309016857306,-1.9198840415e-23,5.82353731087e-17
0.07,0.07,0.15,0.021,0.035,0.095,-0.58778508449,0.809017116291,-4.95380071207e-17,-3.59915051735e-17
0.07,0.07,0.15,0.021,0.035,-0.095,0.0,0.0,1.0,-6.12323e-17
0.07,0.07,0.15,0.021,0.035,-0.095,0.0,0.0,-0.809016883709,0.587785404611
0.07,0.07,0.15,0.021,0.035,-0.095,0.0,0.0,-0.309017142694,0.951056468103
0.07,0.07,0.15,0.021,0.035,-0.095,0.0,0.0,0.309017142694,0.951056468103
0.07,0.07,0.15,0.021,0.035,-0.095,0.0,0.0,0.809016883709,0.587785404611
0.07,0.07,0.15,0.035,-0.035,0.095,6.12323e-17,1.0,-6.12323e-17,3.7494e-33
0.07,0.07,0.15,0.035,-0.035,0.095,0.58778508449,0.809017116291,-4.95380071207e-17,3.59915051735e-17
0.07,0.07,0.15,0.035,-0.035,0.095,0.951056560832,0.309016857306,1.9198840415e-23,5.82353731087e-17
0.07,0.07,0.15,0.035,-0.035,0.095,0.951056560832,-0.309016857306,-1.9198840415e-23,5.82353731087e-17
0.07,0.07,0.15,0.035,-0.035,0.095,-0.58778508449,0.809017116291,-4.95380071207e-17,-3.59915051735e-17
0.07,0.07,0.15,0.035,-0.035,-0.095,0.0,0.0,1.0,-6.12323e-17
0.07,0.07,0.15,0.035,-0.035,-0.095,0.0,0.0,-0.809016883709,0.587785404611
0.07,0.07,0.15,0.035,-0.035,-0.095,0.0,0.0,-0.309017142694,0.951056468103
0.07,0.07,0.15,0.035,-0.035,-0.095,0.0,0.0,0.309017142694,0.951056468103
0.07,0.07,0.15,0.035,-0.035,-0.095,0.0,0.0,0.809016883709,0.587785404611
0.07,0.07,0.15,0.035,-0.021,0.095,6.12323e-17,1.0,-6.12323e-17,3.7494e-33
0.07,0.07,0.15,0.035,-0.021,0.095,0.58778508449,0.809017116291,-4.95380071207e-17,3.59915051735e-17
0.07,0.07,0.15,0.035,-0.021,0.095,0.951056560832,0.309016857306,1.9198840415e-23,5.82353731087e-17
0.07,0.07,0.15,0.035,-0.021,0.095,0.951056560832,-0.309016857306,-1.9198840415e-23,5.82353731087e-17
0.07,0.07,0.15,0.035,-0.021,0.095,-0.58778508449,0.809017116291,-4.95380071207e-17,-3.59915051735e-17
0.07,0.07,0.15,0.035,-0.021,-0.095,0.0,0.0,1.0,-6.12323e-17
0.07,0.07,0.15,0.035,-0.021,-0.095,0.0,0.0,-0.809016883709,0.587785404611
0.07,0.07,0.15,0.035,-0.021,-0.095,0.0,0.0,-0.309017142694,0.951056468103
0.07,0.07,0.15,0.035,-0.021,-0.095,0.0,0.0,0.309017142694,0.951056468103
0.07,0.07,0.15,0.035,-0.021,-0.095,0.0,0.0,0.809016883709,0.587785404611
0.07,0.07,0.15,0.035,-0.007,0.095,6.12323e-17,1.0,-6.12323e-17,3.7494e-33
0.07,0.07,0.15,0.035,-0.007,0.095,0.58778508449,0.809017116291,-4.95380071207e-17,3.59915051735e-17
0.07,0.07,0.15,0.035,-0.007,0.095,0.951056560832,0.309016857306,1.9198840415e-23,5.82353731087e-17
0.07,0.07,0.15,0.035,-0.007,0.095,0.951056560832,-0.309016857306,-1.9198840415e-23,5.82353731087e-17
0.07,0.07,0.15,0.035,-0.007,0.095,-0.58778508449,0.809017116291,-4.95380071207e-17,-3.59915051735e-17
0.07,0.07,0.15,0.035,-0.007,-0.095,0.0,0.0,1.0,-6.12323e-17
0.07,0.07,0.15,0.035,-0.007,-0.095,0.0,0.0,-0.809016883709,0.587785404611
0.07,0.07,0.15,0.035,-0.007,-0.095,0.0,0.0,-0.309017142694,0.951056468103
0.07,0.07,0.15,0.035,-0.007,-0.095,0.0,0.0,0.309017142694,0.951056468103
0.07,0.07,0.15,0.035,-0.007,-0.095,0.0,0.0,0.809016883709,0.587785404611
0.07,0.07,0.15,0.035,0.007,0.095,6.12323e-17,1.0,-6.12323e-17,3.7494e-33
0.07,0.07,0.15,0.035,0.007,0.095,0.58778508449,0.809017116291,-4.95380071207e-17,3.59915051735e-17
0.07,0.07,0.15,0.035,0.007,0.095,0.951056560832,0.309016857306,1.9198840415e-23,5.82353731087e-17
0.07,0.07,0.15,0.035,0.007,0.095,0.951056560832,-0.309016857306,-1.9198840415e-23,5.82353731087e-17
0.07,0.07,0.15,0.035,0.007,0.095,-0.58778508449,0.809017116291,-4.95380071207e-17,-3.59915051735e-17
0.07,0.07,0.15,0.035,0.007,-0.095,0.0,0.0,1.0,-6.12323e-17
0.07,0.07,0.15,0.035,0.007,-0.095,0.0,0.0,-0.809016883709,0.587785404611
0.07,0.07,0.15,0.035,0.007,-0.095,0.0,0.0,-0.309017142694,0.951056468103
0.07,0.07,0.15,0.035,0.007,-0.095,0.0,0.0,0.309017142694,0.951056468103
0.07,0.07,0.15,0.035,0.007,-0.095,0.0,0.0,0.809016883709,0.587785404611
0.07,0.07,0.15,0.035,0.021,0.095,6.12323e-17,1.0,-6.12323e-17,3.7494e-33
0.07,0.07,0.15,0.035,0.021,0.095,0.58778508449,0.809017116291,-4.95380071207e-17,3.59915051735e-17
0.07,0.07,0.15,0.035,0.021,0.095,0.951056560832,0.309016857306,1.9198840415e-23,5.82353731087e-17
0.07,0.07,0.15,0.035,0.021,0.095,0.951056560832,-0.309016857306,-1.9198840415e-23,5.82353731087e-17
0.07,0.07,0.15,0.035,0.021,0.095,-0.58778508449,0.809017116291,-4.95380071207e-17,-3.59915051735e-17
0.07,0.07,0.15,0.035,0.021,-0.095,0.0,0.0,1.0,-6.12323e-17
0.07,0.07,0.15,0.035,0.021,-0.095,0.0,0.0,-0.809016883709,0.587785404611
0.07,0.07,0.15,0.035,0.021,-0.095,0.0,0.0,-0.309017142694,0.951056468103
0.07,0.07,0.15,0.035,0.021,-0.095,0.0,0.0,0.309017142694,0.951056468103
0.07,0.07,0.15,0.035,0.021,-0.095,0.0,0.0,0.809016883709,0.587785404611
0.07,0.07,0.15,0.035,0.035,0.095,6.12323e-17,1.0,-6.12323e-17,3.7494e-33
0.07,0.07,0.15,0.035,0.035,0.095,0.58778508449,0.809017116291,-4.95380071207e-17,3.59915051735e-17
0.07,0.07,0.15,0.035,0.035,0.095,0.951056560832,0.309016857306,1.9198840415e-23,5.82353731087e-17
0.07,0.07,0.15,0.035,0.035,0.095,0.951056560832,-0.309016857306,-1.9198840415e-23,5.82353731087e-17
0.07,0.07,0.15,0.035,0.035,0.095,-0.58778508449,0.809017116291,-4.95380071207e-17,-3.59915051735e-17
0.07,0.07,0.15,0.035,0.035,-0.095,0.0,0.0,1.0,-6.12323e-17
0.07,0.07,0.15,0.035,0.035,-0.095,0.0,0.0,-0.809016883709,0.587785404611
0.07,0.07,0.15,0.035,0.035,-0.095,0.0,0.0,-0.309017142694,0.951056468103
0.07,0.07,0.15,0.035,0.035,-0.095,0.0,0.0,0.309017142694,0.951056468103
0.07,0.07,0.15,0.035,0.035,-0.095,0.0,0.0,0.809016883709,0.587785404611
